total_cost,appl_id,fiscal_year,project_title,project_detail_url,org_state,cong_dist,org_name,is_active,contact_pi_name,name,opportunity_number,core_project_num,funding_mechanism,direct_cost_amt,indirect_cost_amt
677945,11024864,2024,Impacts of Telehealth Policies on Inequities in Perinatal Behavioral Health Care Access and Outcomes,https://reporter.nih.gov/project-details/11024864,CA,CA-36,RAND CORPORATION,True,"FAHERTY, LAURA JOHNSON",National Institute of Mental Health,PAR-24-059,R01MH138475,Non-SBIR/STTR,480883,197062
697269,11024726,2024,Partnering with Antenatal Navigators to Transform Health in Pregnancy (PATH),https://reporter.nih.gov/project-details/11024726,IL,IL-05,NORTHWESTERN UNIVERSITY AT CHICAGO,True,"YEE, LYNN M",National Institute on Minority Health and Health Disparities,PAR-24-059,R01MD020130,Non-SBIR/STTR,435793,261476
524780,11044513,2024,Never Again: Advancing the Prevention of Recurrent Child Sexual Abuse,https://reporter.nih.gov/project-details/11044513,PA,PA-02,TEMPLE UNIV OF THE COMMONWEALTH,True,"KOBULSKY, JULIA ",Eunice Kennedy Shriver National Institute of Child Health and Human Development,PAR-24-075,R01HD114586,Non-SBIR/STTR,360462,164318
622235,11044359,2025,Defining the impact of developmental herbicide exposures on gut microbiome physiology and interactions with health,https://reporter.nih.gov/project-details/11044359,IL,IL-13,UNIVERSITY OF ILLINOIS AT URBANA-CHAMPAIGN,True,"GAULKE, CHRISTOPHER A",National Institute of Environmental Health Sciences,PAR-24-075,R01ES036174,Non-SBIR/STTR,398468,223767
1305361,11087744,2025,Gene therapy for SCID-X1 with low dose busulfan and a SIN-lentiviral vector,https://reporter.nih.gov/project-details/11087744,MA,MA-07,BOSTON CHILDREN'S HOSPITAL,True,"WILLIAMS, DAVID A",National Institute of Allergy and Infectious Diseases,PAR-24-100,U01AI125051,Non-SBIR/STTR,894548,410813
1498642,11084929,2025,SMART Use of Biologics in Chronic Rhinosinusitis with Nasal Polyposis,https://reporter.nih.gov/project-details/11084929,OR,OR-01,OREGON HEALTH & SCIENCE UNIVERSITY,True,"SMITH, TIMOTHY L",National Institute of Allergy and Infectious Diseases,PAR-24-100,U01AI181696,Non-SBIR/STTR,1330030,168612
698870,11015993,2025,Thalamocortical interactions and the effect of thalamic stimulation on sleep oscillations,https://reporter.nih.gov/project-details/11015993,MA,MA-08,MASSACHUSETTS GENERAL HOSPITAL,True,"ZELMANN, RINA ",National Institute on Aging,PAR-24-076,R01AG090302,Non-SBIR/STTR,456394,242476
818112,11126123,2025,Mechanisms of Macroglossia in Beckwith-Wiedemann Syndrome,https://reporter.nih.gov/project-details/11126123,PA,PA-03,CHILDREN'S HOSP OF PHILADELPHIA,True,"KALISH, JENNIFER MELISSA",National Institute of Dental and Craniofacial Research,PAR-24-075,R01DE033646,Non-SBIR/STTR,459618,358494
741475,11105080,2025,Maternal and Infant Mortality among Women Incarcerated During the Perinatal Period: Understanding the Impact of Healthcare and Correctional System Factors,https://reporter.nih.gov/project-details/11105080,MD,MD-07,JOHNS HOPKINS UNIVERSITY,True,"SUFRIN, CAROLYN ",Eunice Kennedy Shriver National Institute of Child Health and Human Development,PAR-24-059,R01HD117944,Non-SBIR/STTR,472737,268738
826902,11122410,2025,"Examination of the dynamic relationships of sleep, physical activity, and circadian rhythmicity with neurobehavioral heterogeneity in ADHD",https://reporter.nih.gov/project-details/11122410,MD,MD-07,HUGO W. MOSER RES INST KENNEDY KRIEGER,True,"ROSCH, KERI SHIELS",National Institute of Mental Health,PAR-24-075,R01MH136970,Non-SBIR/STTR,558019,268883
498705,11044555,2025,Towards MRI-based detection and categorization of invasive high grade glioma subtypes,https://reporter.nih.gov/project-details/11044555,AZ,AZ-04,ARIZONA STATE UNIVERSITY-TEMPE CAMPUS,True,"BEEMAN, SCOTT CHARLES",National Cancer Institute,PAR-24-075,R37CA288396,Non-SBIR/STTR,366872,131833
639963,11044431,2025,Mechanisms of operant reward seeking in prefrontal somatostatin-expressing interneurons,https://reporter.nih.gov/project-details/11044431,AL,AL-07,UNIVERSITY OF ALABAMA AT BIRMINGHAM,True,"CUMMINGS, KIRSTIE ALYSSA",National Institute on Drug Abuse,PAR-24-075,R01DA059368,Non-SBIR/STTR,449176,190787
616256,11043168,2025,An Intelligent Biorobot for the Regenerative Rehabilitation of Volumetric Muscle Loss Defects,https://reporter.nih.gov/project-details/11043168,OH,OH-11,CLEVELAND STATE UNIVERSITY,True,"SIKDER, PRABAHA ",National Institute of Arthritis and Musculoskeletal and Skin Diseases,PAR-24-075,R01AR083865,Non-SBIR/STTR,421006,195250
735078,11107380,2025,Unraveling the molecular mechanisms of innate immune memory in humans,https://reporter.nih.gov/project-details/11107380,IL,IL-01,UNIVERSITY OF CHICAGO,True,"BARREIRO, LUIS BRUNO",National Institute of Allergy and Infectious Diseases,PAR-24-112,R01AI190301,Non-SBIR/STTR,508480,226598
710095,11022874,2024,Understanding reservoir effects and curative potential of a CD3/CCR5 bispecific antibody in infant macaques,https://reporter.nih.gov/project-details/11022874,CA,CA-04,UNIVERSITY OF CALIFORNIA AT DAVIS,True,"HARTIGAN-O'CONNOR, DENNIS J.",National Institute of Allergy and Infectious Diseases,PAR-23-297,R01AI184418,Non-SBIR/STTR,449997,260098
694301,11017367,2024,Early interventions at ART initiation to reduce the HIV-1 reservoir and enhance adaptive immune responses,https://reporter.nih.gov/project-details/11017367,PA,PA-03,UNIVERSITY OF PENNSYLVANIA,True,"BETTS, MICHAEL R",National Institute of Allergy and Infectious Diseases,PAR-23-297,R01AI184285,Non-SBIR/STTR,534467,159834
407321,10950516,2024,Alternative splicing and isoform expression as mediators for the genetic etiology of breast cancer,https://reporter.nih.gov/project-details/10950516,TX,TX-09,UNIVERSITY OF TX MD ANDERSON CAN CTR,True,"BHATTACHARYA, ARJUN ",National Cancer Institute,PAR-23-255,R21CA293419,Non-SBIR/STTR,308956,98365
775391,11022900,2024,Modulation of Galectin-9 to Target HIV Persistence,https://reporter.nih.gov/project-details/11022900,AZ,AZ-01,VITALANT ,True,"PILLAI, SATISH KUMAR",National Institute of Allergy and Infectious Diseases,PAR-23-297,R01AI184421,Non-SBIR/STTR,622148,153243
927200,11118330,2024,IL-15 Therapy Combined with TGF-Beta Blockade for Sustained HIV Remission,https://reporter.nih.gov/project-details/11118330,GA,GA-05,EMORY UNIVERSITY,True,"VELU, VIJAYAKUMAR ",National Institute of Allergy and Infectious Diseases,PAR-23-297,R56AI187162,Non-SBIR/STTR,538840,388360
1314572,11009423,2024,Targeting the HIV-1 reservoir at cART initiation with CD4-mimetic interventions,https://reporter.nih.gov/project-details/11009423,CT,CT-03,YALE UNIVERSITY,True,"KUMAR, PRITI ",National Institute of Allergy and Infectious Diseases,PAR-23-297,R01AI186809,Non-SBIR/STTR,979771,334801
877580,11009167,2024,Impact of Neonatal ART and Broadly Neutralizing Antibodies on HIV-1 Reservoirs in Infants: Towards ART-free Remission,https://reporter.nih.gov/project-details/11009167,MD,MD-07,JOHNS HOPKINS UNIVERSITY,True,"PERSAUD, DEBORAH ",National Institute of Allergy and Infectious Diseases,PAR-23-297,R01AI186792,Non-SBIR/STTR,595345,282235
225101,11113044,2025,Pancancer discovery and exploration of shared splicing neoantigens,https://reporter.nih.gov/project-details/11113044,OH,OH-01,CINCINNATI CHILDRENS HOSP MED CTR,True,"SALOMONIS, NATHAN G.",National Cancer Institute,PAR-23-255,R21CA300922,Non-SBIR/STTR,140250,84851
192610,11114847,2025,Pathways to Prevention: Exploring Social Determinants of Health in Early Onset Colorectal Cancer,https://reporter.nih.gov/project-details/11114847,KY,KY-06,UNIVERSITY OF KENTUCKY,True,"MOORE, JUSTIN XAVIER",National Cancer Institute,PAR-23-255,R21CA301113,Non-SBIR/STTR,132655,59955
137229,10895606,2024,Identification of predictive biomarkers for severe acute leptospirosis and its long-term sequelae,https://reporter.nih.gov/project-details/10895606,,,CHULALONGKORN UNIVERSITY,True,"SRISAWAT, NATTACHAI ",National Institute of Allergy and Infectious Diseases,RFA-AI-23-023,R01AI183353,Non-SBIR/STTR,127064,10165
135502,10895610,2024,IMPILO: Investigating novel 6-Month regimens for RR-TB in Pregnancy and Lactation,https://reporter.nih.gov/project-details/10895610,,,MEDICAL RESEARCH COUNCIL OF SOUTH AFRICA,False,"LOVEDAY, MARIAN ",National Institute of Allergy and Infectious Diseases,RFA-AI-23-023,R01AI183355,Non-SBIR/STTR,125465,10037
785166,10872956,2024,"Dopaminergic Gut-Brain Signaling on Adolescent Reward Learning After Adversity: Toward New, Noninvasive Treatments for Depression and Anxiety",https://reporter.nih.gov/project-details/10872956,CA,,UNIVERSITY OF CALIFORNIA LOS ANGELES,False,"CALLAGHAN, BRIDGET L",National Institute of Mental Health,RFA-MH-22-185,R01MH136259,Non-SBIR/STTR,498782,286384
115880,10893109,2024,An extracellular vesicle component as a candidate to control cryptococcosis.,https://reporter.nih.gov/project-details/10893109,,,FUNDACAO OSWALDO CRUZ,False,"RODRIGUES, MARCIO LOURENCO",National Institute of Allergy and Infectious Diseases,RFA-AI-23-023,R01AI183314,Non-SBIR/STTR,107296,8584
120226,10897397,2024,Adipocytes and inflammation in the cutaneous leishmaniasis outcome,https://reporter.nih.gov/project-details/10897397,,,FEDERAL UNIVERSITY OF BAHIA,True,"CARVALHO, LUCAS P",National Institute of Allergy and Infectious Diseases,RFA-AI-23-023,R01AI183392,Non-SBIR/STTR,111320,8906
133664,10900044,2024,Wetlands in Argentinaas hubs for exchange and emigration of bird-borne arboviruses,https://reporter.nih.gov/project-details/10900044,,,NATIONAL COUNCIL SCIENTIFIC & TECH RES,True,"DIAZ, ADRIAN ",National Institute of Allergy and Infectious Diseases,RFA-AI-23-023,R01AI183506,Non-SBIR/STTR,124800,8864
134955,10898435,2024,Investigating the dynamics of Salmonella Typhi and bacteriophages in the environment and the human gut,https://reporter.nih.gov/project-details/10898435,,,CHILD HEALTH RESEARCH FOUNDATION,False,"SAHA, SENJUTI ",National Institute of Allergy and Infectious Diseases,RFA-AI-23-023,R01AI183463,Non-SBIR/STTR,124958,9997
827454,10872413,2024,Neuroeconomic mechanisms of counterfactual thinking,https://reporter.nih.gov/project-details/10872413,NY,NY-13,ICAHN SCHOOL OF MEDICINE AT MOUNT SINAI,False,"SWEIS, BRIAN MUSA",National Institute of Mental Health,RFA-MH-22-185,R01MH136230,Non-SBIR/STTR,499008,328446
829966,10872396,2024,Neural Mechanisms of Social Information Processing,https://reporter.nih.gov/project-details/10872396,NY,NY-13,ICAHN SCHOOL OF MEDICINE AT MOUNT SINAI,True,"WU, XIAOTING ",National Institute of Mental Health,RFA-MH-22-185,R01MH136228,Non-SBIR/STTR,491104,338862
781464,10872827,2024,A causal wiring diagram of transdiagnostic brain functions,https://reporter.nih.gov/project-details/10872827,MA,MA-07,BRIGHAM AND WOMEN'S HOSPITAL,False,"SIDDIQI, SHAN ",National Institute of Mental Health,RFA-MH-22-185,R01MH136248,Non-SBIR/STTR,497173,284291
832117,10897643,2024,Deep Learning-based Protein Design of HIV-1 Env GP120 Core Immunogens for CD4 Binding Site Germline Targeting,https://reporter.nih.gov/project-details/10897643,WA,WA-07,FRED HUTCHINSON CANCER CENTER,False,"PANCERA, MARIE ",National Institute of Allergy and Infectious Diseases,PAR-23-169,R01AI183406,Non-SBIR/STTR,510103,322014
124924,10898099,2024,The skin microbiome and fungal infections of indigenous Malaysians,https://reporter.nih.gov/project-details/10898099,,,UNIVERSITY OF MALAYA,False,"LIM, YVONNE AL ",National Institute of Allergy and Infectious Diseases,RFA-AI-23-023,R01AI183416,Non-SBIR/STTR,115670,9254
822456,10872580,2024,Building a Granular Brain-Wide Map of the Serotonin System,https://reporter.nih.gov/project-details/10872580,NY,NY-13,"NEW YORK STATE PSYCHIATRIC INSTITUTE DBA RESEARCH FOUNDATION FOR MENTAL HYGIENE, INC",False,"MILLER, BRADLEY ",National Institute of Mental Health,RFA-MH-22-185,R01MH136237,Non-SBIR/STTR,496952,325504
673189,10872934,2024,How cerebrospinal fluid (CSF) potassium supports brain development and activity,https://reporter.nih.gov/project-details/10872934,CA,CA-16,STANFORD UNIVERSITY,True,"FAME, RYAN MARIE",National Institute of Mental Health,RFA-MH-22-185,R01MH136258,Non-SBIR/STTR,479900,193289
807628,10894518,2024,SHIV-guided design of novel HIV-1 fusion peptide immunogens,https://reporter.nih.gov/project-details/10894518,PA,PA-03,UNIVERSITY OF PENNSYLVANIA,False,"SHAW, GEORGE M",National Institute of Allergy and Infectious Diseases,PAR-23-169,R01AI183332,Non-SBIR/STTR,497002,310626
816634,10898522,2024,Leveraging membrane Env liposome vaccine design to elicit multi-target cross-neutralization of HIV,https://reporter.nih.gov/project-details/10898522,CA,CA-50,"SCRIPPS RESEARCH INSTITUTE, THE",False,"ZWICK, MICHAEL B",National Institute of Allergy and Infectious Diseases,PAR-23-169,R01AI183472,Non-SBIR/STTR,502075,314559
141470,10897418,2024,Real-World Impact of Next Generation Insecticidal Nets for Malaria Control in Rural Western Kenya,https://reporter.nih.gov/project-details/10897418,,,MOI UNIVERSITY COLLEGE OF HEALTH SCIENCES,False,"MANGENI, JUDITH ",National Institute of Allergy and Infectious Diseases,RFA-AI-23-023,R01AI183393,Non-SBIR/STTR,131457,10013
134340,10897625,2024,"Treatment of isoniazid-resistant tuberculosis: closing evidence gaps on safety, effectiveness, and pharmacokinetics of the standard regimen",https://reporter.nih.gov/project-details/10897625,,,SOCIOS EN SALUD SUCURSAL PERU,True,"MENDOZA, ALBERTO ",National Institute of Allergy and Infectious Diseases,RFA-AI-23-023,R01AI183405,Non-SBIR/STTR,124389,9951
742667,10867954,2024,"Neurocognitive Processing of Gun Violence in the Media: Implications for Adolescent Anxiety, Depression, and Racial Inequities",https://reporter.nih.gov/project-details/10867954,PA,PA-12,UNIVERSITY OF PITTSBURGH AT PITTSBURGH,False,"WOODY, MARY LOUISE",National Institute of Mental Health,RFA-MH-22-185,R01MH136072,Non-SBIR/STTR,470797,271870
783400,11059866,2025,SHIV-guided design of novel HIV-1 fusion peptide immunogens,https://reporter.nih.gov/project-details/11059866,PA,PA-03,UNIVERSITY OF PENNSYLVANIA,True,"SHAW, GEORGE M",National Institute of Allergy and Infectious Diseases,PAR-23-169,R01AI183332,Non-SBIR/STTR,482092,301308
124924,11077834,2025,The skin microbiome and fungal infections of indigenous Malaysians,https://reporter.nih.gov/project-details/11077834,,,UNIVERSITY OF MALAYA,True,"LIM, YVONNE AL ",National Institute of Allergy and Infectious Diseases,RFA-AI-23-023,R01AI183416,Non-SBIR/STTR,115670,9254
772776,11037997,2025,Deep Learning-based Protein Design of HIV-1 Env GP120 Core Immunogens for CD4 Binding Site Germline Targeting,https://reporter.nih.gov/project-details/11037997,WA,WA-07,FRED HUTCHINSON CANCER CENTER,True,"PANCERA, MARIE ",National Institute of Allergy and Infectious Diseases,PAR-23-169,R01AI183406,Non-SBIR/STTR,493869,278907
626839,11048686,2025,Cochlear implants and listening effort: the interaction of cognitive and sensory constraints,https://reporter.nih.gov/project-details/11048686,NY,NY-12,NEW YORK UNIVERSITY SCHOOL OF MEDICINE,True,"SVIRSKY, MARIO A",National Institute on Deafness and Other Communication Disorders,PAR-24-051,R01DC016834,Non-SBIR/STTR,469337,157502
743412,11048337,2025,Evidence-based intervention enhancements to reduce language delays and disorders among children of parents with substance use disorders,https://reporter.nih.gov/project-details/11048337,OR,OR-04,UNIVERSITY OF OREGON,True,"DE ANDA, STEPHANIE ",National Institute on Deafness and Other Communication Disorders,PAR-24-051,R01DC022028,Non-SBIR/STTR,498934,244478
598564,11133442,2025,Deconstructing Voice Therapy: Towards Enhanced Communication Outcomes,https://reporter.nih.gov/project-details/11133442,GA,GA-05,EMORY UNIVERSITY,True,"GILLESPIE, AMANDA I",National Institute on Deafness and Other Communication Disorders,PAR-24-051,R01DC022026,Non-SBIR/STTR,514691,83873
662446,11085199,2025,"Dopaminergic Gut-Brain Signaling on Adolescent Reward Learning After Adversity: Toward New, Noninvasive Treatments for Depression and Anxiety",https://reporter.nih.gov/project-details/11085199,CA,,UNIVERSITY OF CALIFORNIA LOS ANGELES,True,"CALLAGHAN, BRIDGET L",National Institute of Mental Health,RFA-MH-22-185,R01MH136259,Non-SBIR/STTR,420601,241845
839102,11057572,2025,Leveraging membrane Env liposome vaccine design to elicit multi-target cross-neutralization of HIV,https://reporter.nih.gov/project-details/11057572,CA,CA-50,"SCRIPPS RESEARCH INSTITUTE, THE",True,"ZWICK, MICHAEL B",National Institute of Allergy and Infectious Diseases,PAR-23-169,R01AI183472,Non-SBIR/STTR,543050,296052
716626,11126710,2025,Neuroeconomic mechanisms of counterfactual thinking,https://reporter.nih.gov/project-details/11126710,NY,NY-13,ICAHN SCHOOL OF MEDICINE AT MOUNT SINAI,True,"SWEIS, BRIAN MUSA",National Institute of Mental Health,RFA-MH-22-185,R01MH136230,Non-SBIR/STTR,424421,292205
686579,11092910,2025,Building a Granular Brain-Wide Map of the Serotonin System,https://reporter.nih.gov/project-details/11092910,NY,NY-13,"NEW YORK STATE PSYCHIATRIC INSTITUTE DBA RESEARCH FOUNDATION FOR MENTAL HYGIENE, INC",True,"MILLER, BRADLEY ",National Institute of Mental Health,RFA-MH-22-185,R01MH136237,Non-SBIR/STTR,418223,268356
678965,11109708,2025,"Neurocognitive Processing of Gun Violence in the Media: Implications for Adolescent Anxiety, Depression, and Racial Inequities",https://reporter.nih.gov/project-details/11109708,PA,PA-12,UNIVERSITY OF PITTSBURGH AT PITTSBURGH,True,"WOODY, MARY LOUISE",National Institute of Mental Health,RFA-MH-22-185,R01MH136072,Non-SBIR/STTR,428858,250107
139469,11061883,2025,Real-World Impact of Next Generation Insecticidal Nets for Malaria Control in Rural Western Kenya,https://reporter.nih.gov/project-details/11061883,,,MOI UNIVERSITY COLLEGE OF HEALTH SCIENCES,True,"MANGENI, JUDITH ",National Institute of Allergy and Infectious Diseases,RFA-AI-23-023,R01AI183393,Non-SBIR/STTR,131456,8013
760283,11057160,2025,Pre-Frontal tDCS as a novel intervention to reduce effects of post-stroke fatigue while improving language and attention in aphasia,https://reporter.nih.gov/project-details/11057160,NY,NY-22,SYRACUSE UNIVERSITY,True,"RILEY, ELLYN ",National Institute on Deafness and Other Communication Disorders,PAR-24-051,R01DC021677,Non-SBIR/STTR,529994,230289
130212,11125744,2025,An extracellular vesicle component as a candidate to control cryptococcosis.,https://reporter.nih.gov/project-details/11125744,,,FUNDACAO OSWALDO CRUZ,True,"RODRIGUES, MARCIO LOURENCO",National Institute of Allergy and Infectious Diseases,RFA-AI-23-023,R01AI183314,Non-SBIR/STTR,120567,9645
650820,11142870,2025,Organization and development of motor cortical circuits for speech production in stuttering,https://reporter.nih.gov/project-details/11142870,MI,MI-06,UNIVERSITY OF MICHIGAN AT ANN ARBOR,True,"CHANG, SOO-EUN ",National Institute on Deafness and Other Communication Disorders,PAR-24-051,R01DC022763,Non-SBIR/STTR,448449,202371
610725,11104418,2025,Physiological determinants of suprathreshold deficits in sensorineural hearing loss,https://reporter.nih.gov/project-details/11104418,PA,PA-12,UNIVERSITY OF PITTSBURGH AT PITTSBURGH,True,"BHARADWAJ, HARI MEENAKSHISUNDARAM",National Institute on Deafness and Other Communication Disorders,PAR-24-051,R01DC022670,Non-SBIR/STTR,410078,200647
681385,11130321,2025,Quantitatively Characterizing the Speech Motor Skillsets of Individual Speakers,https://reporter.nih.gov/project-details/11130321,MA,MA-07,BOSTON UNIVERSITY (CHARLES RIVER CAMPUS),True,"GUENTHER, FRANK H",National Institute on Deafness and Other Communication Disorders,PAR-24-051,R01DC022014,Non-SBIR/STTR,416749,264636
637936,10718530,2023,"Identifying lethal prostate cancer at diagnosis with advanced proteoglycomic, radiomic, and genomic approaches",https://reporter.nih.gov/project-details/10718530,MO,MO-01,WASHINGTON UNIVERSITY,False,"IPPOLITO, JOSEPH EDWARD",National Cancer Institute,PAR-22-131,R01CA282022,Non-SBIR/STTR,476756,161180
711258,10752538,2023,"Myeloid cell-selective, oligonucleotide-based STAT3 inhibition combined with total marrow and lymphoid irradiation for immunotherapy of acute myeloid leukemia",https://reporter.nih.gov/project-details/10752538,CA,CA-31,BECKMAN RESEARCH INSTITUTE/CITY OF HOPE,False,"KORTYLEWSKI, MARCIN ",National Cancer Institute,PAR-22-198,R01CA284593,Non-SBIR/STTR,404124,307134
709593,10719050,2023,Exploiting cell fate transition to overcome radiation resistance in glioblastoma,https://reporter.nih.gov/project-details/10719050,NY,NY-12,NEW YORK UNIVERSITY SCHOOL OF MEDICINE,False,"SULMAN, ERIK ",National Cancer Institute,PAR-22-198,R01CA282756,Non-SBIR/STTR,507627,201966
734548,10719535,2023,Exploiting markers of genomic instability in high-risk pre-invasive ovarian cancer,https://reporter.nih.gov/project-details/10719535,NY,NY-12,SLOAN-KETTERING INST CAN RESEARCH,False,"SHAH, SOHRAB P",National Cancer Institute,PAR-22-131,R01CA281928,Non-SBIR/STTR,414999,319549
676263,10720201,2023,Targeted radiation and immunocytokine therapy for CEA positive malignancies,https://reporter.nih.gov/project-details/10720201,CA,CA-31,BECKMAN RESEARCH INSTITUTE/CITY OF HOPE,False,"SHIVELY, JOHN ERNEST",National Cancer Institute,PAR-22-198,R01CA283603,Non-SBIR/STTR,414999,261264
641436,10734960,2023,Sonogenetics 2.0,https://reporter.nih.gov/project-details/10734960,MO,MO-01,WASHINGTON UNIVERSITY,False,"CHEN, HONG ",National Institute of Neurological Disorders and Stroke,PAR-22-242,R01NS128461,Non-SBIR/STTR,412499,228937
482769,10735964,2023,Adjuvant Photodynamic Therapy to Reduce Bacterial Bioburden in High-Energy Contaminated Open Fractures,https://reporter.nih.gov/project-details/10735964,NH,NH-02,DARTMOUTH-HITCHCOCK CLINIC,False,"ELLIOTT, JONATHAN T",National Institute of Arthritis and Musculoskeletal and Skin Diseases,PAR-22-242,R01AR081952,Non-SBIR/STTR,315535,167234
834068,10734465,2023,A novel bioengineering approach to restoring permanent periodontal inflammatory bone loss,https://reporter.nih.gov/project-details/10734465,MA,MA-07,BRIGHAM AND WOMEN'S HOSPITAL,False,"JANG, HAE LIN ",National Institute of Dental and Craniofacial Research,PAR-22-242,R01DE032406,Non-SBIR/STTR,572261,261807
746821,10732396,2023,Using implantable microdevices for deep phenotyping of multiple drug responses in brain tumor patients,https://reporter.nih.gov/project-details/10732396,MA,MA-07,BRIGHAM AND WOMEN'S HOSPITAL,False,"JONAS, OLIVER ",National Cancer Institute,PAR-22-243,R01CA283905,Non-SBIR/STTR,428392,318429
472393,10718390,2023,PAIRS: Validating telomerase reverse transcriptase (TERT) as an intrinsic vulnerability toward sensitizing cancer to radiation,https://reporter.nih.gov/project-details/10718390,IL,IL-01,UNIVERSITY OF CHICAGO,False,"KRON, STEPHEN J.",National Cancer Institute,PAR-22-198,R01CA282781,Non-SBIR/STTR,343069,129324
507937,10705985,2023,Utilizing Radiation-Induced Multi-potency to Increase the Efficacy of Radiotherapy,https://reporter.nih.gov/project-details/10705985,CA,,UNIVERSITY OF CALIFORNIA LOS ANGELES,False,"PAJONK, FRANK ",National Cancer Institute,PAR-22-198,R01CA281682,Non-SBIR/STTR,323527,184410
704857,10737330,2023,Integrating imaging and biopsy-derived molecular markers for the pre-surgical detection of indolent and aggressive early stage lung adenocarcinoma,https://reporter.nih.gov/project-details/10737330,MA,MA-07,BOSTON UNIVERSITY MEDICAL CAMPUS,False,"LENBURG, MARC ELLIOTT",National Cancer Institute,PAR-22-131,R01CA275015,Non-SBIR/STTR,549573,155284
482056,10731809,2023,Antibody-dual drug conjugates for eradicating triple-negative breast cancer with heterogeneity,https://reporter.nih.gov/project-details/10731809,TX,TX-18,UNIVERSITY OF TEXAS HLTH SCI CTR HOUSTON,False,"TSUCHIKAMA, KYOJI ",National Cancer Institute,PAR-22-242,R01CA283876,Non-SBIR/STTR,334336,147720
664666,10732247,2023,Development and Translation of D-glucose as a Diagnostic Agent for MRI of Cancer,https://reporter.nih.gov/project-details/10732247,MD,MD-07,HUGO W. MOSER RES INST KENNEDY KRIEGER,False,"VAN ZIJL, PETER CM",National Institute of Biomedical Imaging and Bioengineering,PAR-22-242,R01EB034978,Non-SBIR/STTR,448580,216086
390494,10737379,2023,Development and Pre-Clinical Validation of Quantitative Imaging of Cell State Kinetics (QuICK) for Functional Precision Oncology,https://reporter.nih.gov/project-details/10737379,UT,UT-01,UNIVERSITY OF UTAH,False,"ZANGLE, THOMAS ANDREW",National Cancer Institute,PAR-22-242,R01CA276653,Non-SBIR/STTR,265762,124732
462432,10733872,2023,A wireless closed-loop sleep modulation system-on-chip,https://reporter.nih.gov/project-details/10733872,PA,PA-03,UNIVERSITY OF PENNSYLVANIA,False,"RICHARDSON, ANDREW GARMORY",National Institute of Neurological Disorders and Stroke,PAR-22-242,R01NS129738,Non-SBIR/STTR,332662,129770
521070,10738545,2023,Self-Assembling Camptothecin Nanofiber Hydrogels as Adjunct Therapy for Intraoperative Treatment of Malignant Glioma,https://reporter.nih.gov/project-details/10738545,MD,MD-07,JOHNS HOPKINS UNIVERSITY,False,"CUI, HONGGANG ",National Cancer Institute,PAR-22-242,R01CA284268,Non-SBIR/STTR,400489,120581
652634,10735019,2023,Tunneling Nanotube Inhibitors for Cancer Immunotherapy,https://reporter.nih.gov/project-details/10735019,MA,MA-07,BRIGHAM AND WOMEN'S HOSPITAL,False,"SENGUPTA, SHILADITYA ",National Cancer Institute,PAR-22-242,R01CA276525,Non-SBIR/STTR,370461,282173
582047,10715807,2023,Autoantibodies to tumor-derived neoepitopes as biomarkers and immunoPET agents for the early detection of small cell lung cancer,https://reporter.nih.gov/project-details/10715807,WA,WA-07,FRED HUTCHINSON CANCER CENTER,False,"LAMPE, PAUL D.",National Cancer Institute,PAR-22-131,R01CA281801,Non-SBIR/STTR,405549,176498
546440,10870266,2023,Multiplex Ultrasound Imaging for the Detection of Head and Neck Lymph Node Micrometastases,https://reporter.nih.gov/project-details/10870266,NH,NH-02,DARTMOUTH COLLEGE,False,"LUKE, GEOFFREY P.",National Institute of Dental and Craniofacial Research,PAR-22-242,R56DE033175,Non-SBIR/STTR,386102,160338
665331,10982126,2024,Clinical decision-support algorithms for interactive design of patient-specific breast molds,https://reporter.nih.gov/project-details/10982126,TX,TX-18,UNIVERSITY OF HOUSTON,True,"MERCHANT, FATIMA AZIZ",National Cancer Institute,PAR-22-243,R01CA286648,Non-SBIR/STTR,562999,102332
421744,10979395,2024,Peptide multimer for early detection of hepatocellular carcinoma,https://reporter.nih.gov/project-details/10979395,MI,MI-06,UNIVERSITY OF MICHIGAN AT ANN ARBOR,True,"WANG, THOMAS D",National Cancer Institute,PAR-22-131,R01CA285303,Non-SBIR/STTR,270349,151395
413971,10987986,2024,Exploring synthetic lethality with a novel very high energy electron FLASH radiation beam,https://reporter.nih.gov/project-details/10987986,NC,NC-04,DUKE UNIVERSITY,True,"FLOYD, SCOTT R",National Cancer Institute,PAR-22-199,R21CA286097,Non-SBIR/STTR,257125,156846
185838,10994922,2024,Home-Based Community Health Worker Support for Mental Health among People Living with HIV in South Africa: A Hybrid Effectiveness Implementation Trial,https://reporter.nih.gov/project-details/10994922,MD,MD-04,"UNIV OF MARYLAND, COLLEGE PARK",True,"MAGIDSON, JESSICA F",John E. Fogarty International Center for Advanced Study in the Health Sciences,PAR-23-191,R21TW012347,Non-SBIR/STTR,130669,55169
1054907,10999798,2024,Theoretically Informed Behavioral Intervention to Enhance QOL and Prevent HIV-related Comorbidities in Ethnic and Racial Sexual Minority Men,https://reporter.nih.gov/project-details/10999798,CT,CT-03,YALE UNIVERSITY,False,"RAMOS, SILVIA RAQUEL ",National Institute on Minority Health and Health Disparities,RFA-MD-24-003,R01MD019956,Non-SBIR/STTR,629795,425112
640218,10998122,2024,"Towards screening with high-resolution, low-dose, dedicated breast CT",https://reporter.nih.gov/project-details/10998122,AZ,AZ-07,UNIVERSITY OF ARIZONA,True,"VEDANTHAM, SRINIVASAN ",National Cancer Institute,PAR-22-243,R01CA199044,Non-SBIR/STTR,424960,215258
682907,10891702,2024,Using implantable microdevices for deep phenotyping of multiple drug responses in brain tumor patients,https://reporter.nih.gov/project-details/10891702,MA,MA-07,BRIGHAM AND WOMEN'S HOSPITAL,True,"JONAS, OLIVER ",National Cancer Institute,PAR-22-243,R01CA283905,Non-SBIR/STTR,408944,273963
687979,10890879,2024,"Myeloid cell-selective, oligonucleotide-based STAT3 inhibition combined with total marrow and lymphoid irradiation for immunotherapy of acute myeloid leukemia",https://reporter.nih.gov/project-details/10890879,CA,CA-31,BECKMAN RESEARCH INSTITUTE/CITY OF HOPE,True,"KORTYLEWSKI, MARCIN ",National Cancer Institute,PAR-22-198,R01CA284593,Non-SBIR/STTR,390897,297082
678729,10802911,2024,Cornea biomechanical analysis with Brillouin microscopy,https://reporter.nih.gov/project-details/10802911,MD,MD-04,"UNIV OF MARYLAND, COLLEGE PARK",True,"SCARCELLI, GIULIANO ",National Eye Institute,PAR-22-242,R01EY028666,Non-SBIR/STTR,587078,91651
639642,10812012,2024,Radiomic spatial maps for identifying viable tumor extent on multi-parametric MRI for Glioblastoma,https://reporter.nih.gov/project-details/10812012,WI,WI-02,UNIVERSITY OF WISCONSIN-MADISON,True,"TIWARI, PALLAVI ",National Cancer Institute,PAR-22-243,R01CA277728,Non-SBIR/STTR,455395,184247
689536,10820784,2024,MINT conditioning to improve post-stroke gait,https://reporter.nih.gov/project-details/10820784,IL,IL-05,NORTHWESTERN UNIVERSITY AT CHICAGO,True,"SLUTZKY, MARC W.",Eunice Kennedy Shriver National Institute of Child Health and Human Development,PAR-22-243,R01HD113270,Non-SBIR/STTR,449556,239980
226504,10869725,2024,Synthetic combination therapy for diffuse midline gliomas,https://reporter.nih.gov/project-details/10869725,CA,CA-11,"UNIVERSITY OF CALIFORNIA, SAN FRANCISCO",False,"VISWANATH, PAVITHRA ",National Cancer Institute,PAR-22-199,R21CA289565,Non-SBIR/STTR,140250,86254
638036,10855667,2024,"A flexible, low power, multi-channel, real-time BCI for seizure monitoring and Modulation",https://reporter.nih.gov/project-details/10855667,CT,CT-03,YALE UNIVERSITY,False,"MANOHAR, RAJIT ",National Institute of Neurological Disorders and Stroke,PAR-22-242,R01NS136442,Non-SBIR/STTR,397288,240748
669122,10881299,2024,Deciphering the Mechanism of Lymphovascular Space Invasion Using a Lymphovascularized Bioengineering Breast Stromal Platform,https://reporter.nih.gov/project-details/10881299,TX,TX-25,UNIVERSITY OF TEXAS AT AUSTIN,True,"RYLANDER, MARISSA NICHOLE",National Cancer Institute,PAR-22-242,R01CA284102,Non-SBIR/STTR,569415,99707
449628,10882725,2024,Machine-Learning Aided Design of Avidity-Based Biosensors of Ubiquitin Signaling,https://reporter.nih.gov/project-details/10882725,CO,CO-02,COLORADO STATE UNIVERSITY,False,"YAO, TINGTING ",National Cancer Institute,PAR-22-242,R01CA283904,Non-SBIR/STTR,310972,138656
622185,10878944,2024,Development and Translation of D-glucose as a Diagnostic Agent for MRI of Cancer,https://reporter.nih.gov/project-details/10878944,MD,MD-07,HUGO W. MOSER RES INST KENNEDY KRIEGER,True,"VAN ZIJL, PETER CM",National Institute of Biomedical Imaging and Bioengineering,PAR-22-242,R01EB034978,Non-SBIR/STTR,432161,190024
397082,10877120,2024,Antibody-dual drug conjugates for eradicating triple-negative breast cancer with heterogeneity,https://reporter.nih.gov/project-details/10877120,TX,TX-18,UNIVERSITY OF TEXAS HLTH SCI CTR HOUSTON,True,"TSUCHIKAMA, KYOJI ",National Cancer Institute,PAR-22-242,R01CA283876,Non-SBIR/STTR,254540,142542
650875,10877363,2024,Driving Environmental Justice: Community Monitoring of Diesel Truck Emissions and Impacts onAsthma Morbidity in Immigrant Communities,https://reporter.nih.gov/project-details/10877363,CA,CA-11,"UNIVERSITY OF CALIFORNIA, SAN FRANCISCO",True,"THAKUR, NEETA ",National Institute of Environmental Health Sciences,PAR-22-210,R01ES035504,Non-SBIR/STTR,511155,139720
363750,10930396,2024,STrengthening Research OpportuNities for Growth at Meharry Medical College (Meharry-STRONG),https://reporter.nih.gov/project-details/10930396,TN,TN-07,MEHARRY MEDICAL COLLEGE,False,"LINDSEY, MERRY L.",National Institute on Minority Health and Health Disparities,PAR-23-144,UC2MD019626,Non-SBIR/STTR,250000,113750
620466,10890886,2024,Tunneling Nanotube Inhibitors for Cancer Immunotherapy,https://reporter.nih.gov/project-details/10890886,MA,MA-07,BRIGHAM AND WOMEN'S HOSPITAL,True,"SENGUPTA, SHILADITYA ",National Cancer Institute,PAR-22-242,R01CA276525,Non-SBIR/STTR,352198,268268
609145,10881982,2024,Sonogenetics 2.0,https://reporter.nih.gov/project-details/10881982,MO,MO-01,WASHINGTON UNIVERSITY,True,"CHEN, HONG ",National Institute of Neurological Disorders and Stroke,PAR-22-242,R01NS128461,Non-SBIR/STTR,391733,217412
712191,10883255,2024,Engineering self-assembled skin-on-a-chip,https://reporter.nih.gov/project-details/10883255,MA,MA-07,BOSTON CHILDREN'S HOSPITAL,False,"KOEHLER, KARL RUSSELL",National Institute of Arthritis and Musculoskeletal and Skin Diseases,PAR-22-242,R01AR083139,Non-SBIR/STTR,402368,309823
526366,10882838,2024,Synthetic mesoscope to image large-scale neural activity with near-single-cell resolution in freely-behaving animals,https://reporter.nih.gov/project-details/10882838,CA,CA-04,UNIVERSITY OF CALIFORNIA AT DAVIS,False,"YANG, WEIJIAN ",National Institute of Neurological Disorders and Stroke,PAR-22-242,R01NS133924,Non-SBIR/STTR,374296,152070
233453,10999211,2024,Understanding the Mechanism of HIV Associated with Diabetic Complications in Low- and Middle-Income Country,https://reporter.nih.gov/project-details/10999211,OH,OH-03,OHIO STATE UNIVERSITY,True,"LIYANAGE, NAMAL ",John E. Fogarty International Center for Advanced Study in the Health Sciences,PAR-23-191,R21TW012876,Non-SBIR/STTR,152775,80678
206067,10841232,2024,Investigating Interactions Between Radiation and Antibody-Drug Conjugates in Bladder Cancer,https://reporter.nih.gov/project-details/10841232,MA,MA-07,DANA-FARBER CANCER INST,False,"MOUW, KENT W",National Cancer Institute,PAR-22-199,R21CA288234,Non-SBIR/STTR,116770,89297
361841,10931266,2024,Reaching New Heights: Strengthening Health Professions Research at a Majority Hispanic-Serving Institution,https://reporter.nih.gov/project-details/10931266,TX,TX-15,UNIVERSITY OF TEXAS RIO GRANDE VALLEY,True,"LEHKER, MICHAEL W.",National Institute of Allergy and Infectious Diseases,PAR-23-144,UC2AI188568,Non-SBIR/STTR,244487,117354
663168,10980069,2024,Multi-functional 3D Printed Dental Implants for Preventing Peri-implantitis,https://reporter.nih.gov/project-details/10980069,OH,OH-11,CLEVELAND STATE UNIVERSITY,True,"SIKDER, PRABAHA ",National Institute of Dental and Craniofacial Research,PAR-22-242,R01DE033364,Non-SBIR/STTR,532540,130628
604151,10980804,2024,Radon on the RADAR,https://reporter.nih.gov/project-details/10980804,KY,KY-06,UNIVERSITY OF KENTUCKY,True,"STANIFER, STACY ",National Institute of Environmental Health Sciences,PAR-22-210,R01ES030380,Non-SBIR/STTR,424865,179286
644804,10981894,2024,Advancing breast cancer risk assessment for Black women,https://reporter.nih.gov/project-details/10981894,MO,MO-01,WASHINGTON UNIVERSITY,True,"GASTOUNIOTI, AIMILIA ",National Cancer Institute,PAR-22-242,R01CA286120,Non-SBIR/STTR,489229,155575
1018155,10933716,2024,Neocortical microarchitecture of executive function using large-scale intracranial electrophysiology,https://reporter.nih.gov/project-details/10933716,CO,CO-06,UNIVERSITY OF COLORADO DENVER,True,"KRAMER, DANIEL R",National Institute on Deafness and Other Communication Disorders,RFA-DC-24-001,R61DC021924,Non-SBIR/STTR,869704,148451
528978,10857430,2024,Investigation of Cognitive and Affective Deficits Post TBI Using Multimodal Flexible Neural Probes,https://reporter.nih.gov/project-details/10857430,PA,PA-12,UNIVERSITY OF PITTSBURGH AT PITTSBURGH,False,"CUI, XINYAN TRACY",National Institute of Neurological Disorders and Stroke,PAR-22-242,R01NS136622,Non-SBIR/STTR,358234,170744
155190,10930775,2024,Tennessee State University Needs Assessment and Five Pillar Strategic Action Plan,https://reporter.nih.gov/project-details/10930775,TN,TN-05,TENNESSEE STATE UNIVERSITY,True,"QUICK, QUINCY ANTOINE",National Institute of General Medical Sciences,PAR-23-144,UC2GM157744,Non-SBIR/STTR,109289,45901
372336,10928191,2024,Development and Pre-Clinical Validation of Quantitative Imaging of Cell State Kinetics (QuICK) for Functional Precision Oncology,https://reporter.nih.gov/project-details/10928191,UT,UT-01,UNIVERSITY OF UTAH,True,"ZANGLE, THOMAS ANDREW",National Cancer Institute,PAR-22-242,R01CA276653,Non-SBIR/STTR,247028,125308
502940,10919803,2024,Self-Assembling Camptothecin Nanofiber Hydrogels as Adjunct Therapy for Intraoperative Treatment of Malignant Glioma,https://reporter.nih.gov/project-details/10919803,MD,MD-07,JOHNS HOPKINS UNIVERSITY,True,"CUI, HONGGANG ",National Cancer Institute,PAR-22-242,R01CA284268,Non-SBIR/STTR,379201,123739
596095,10988083,2024,The Personalized Remote Radiation Tracking Portable Organ Dosimetry Devise (PRRT PODD),https://reporter.nih.gov/project-details/10988083,WA,WA-07,UNIVERSITY OF WASHINGTON,True,"MIYAOKA, ROBERT S",National Cancer Institute,PAR-22-242,R01CA287205,Non-SBIR/STTR,420119,175976
350773,10781736,2024,A soft magnetoelastic microneedle patch for rapid skin cancer screening,https://reporter.nih.gov/project-details/10781736,CA,,UNIVERSITY OF CALIFORNIA LOS ANGELES,False,"CHEN, JUN ",National Cancer Institute,PAR-22-243,R01CA287326,Non-SBIR/STTR,228750,122023
697821,10861037,2024,Exploiting markers of genomic instability in high-risk pre-invasive ovarian cancer,https://reporter.nih.gov/project-details/10861037,NY,NY-12,SLOAN-KETTERING INST CAN RESEARCH,True,"SHAH, SOHRAB P",National Cancer Institute,PAR-22-131,R01CA281928,Non-SBIR/STTR,394249,303572
598805,10869504,2024,Photothermal Nanoparticles Immune Engineer Tumor-specific T cells for Adoptive Cell Therapy,https://reporter.nih.gov/project-details/10869504,DC,DC-00,GEORGE WASHINGTON UNIVERSITY,False,"FERNANDES, ROHAN ",National Cancer Institute,PAR-22-242,R01CA290045,Non-SBIR/STTR,438080,160725
490381,10854083,2024,Phase Changing Ultrasound Contrast Agents for Deep Tissue Imaging of Cellular Immunotherapies,https://reporter.nih.gov/project-details/10854083,PA,PA-15,"PENNSYLVANIA STATE UNIVERSITY, THE",True,"MEDINA, SCOTT HAMMOND",National Cancer Institute,PAR-22-242,R01CA289553,Non-SBIR/STTR,324531,165850
644622,10857881,2024,Enhancing radioligand therapy for prostate cancer with biomarker and dosimetry guided personalization,https://reporter.nih.gov/project-details/10857881,MI,MI-06,UNIVERSITY OF MICHIGAN AT ANN ARBOR,True,"DEWARAJA, YUNI K",National Cancer Institute,PAR-22-243,R01CA289631,Non-SBIR/STTR,413219,231403
614757,10883284,2024,"Early prediction of lethal phenotypes in triple negative breast cancer using multiscale, multi-modality platforms",https://reporter.nih.gov/project-details/10883284,GA,GA-05,EMORY UNIVERSITY,False,"BADVE, SUNIL S.",National Cancer Institute,PAR-22-131,R01CA281932,Non-SBIR/STTR,437758,176999
643221,10882392,2024,Bioengineering adipocytes for cancer therapy,https://reporter.nih.gov/project-details/10882392,CA,CA-11,"UNIVERSITY OF CALIFORNIA, SAN FRANCISCO",False,"AHITUV, NADAV ",National Cancer Institute,PAR-22-242,R01CA283826,Non-SBIR/STTR,398279,244942
590144,10883298,2024,High-throughput neurovascular-unit-on-a-chip with OASIS for modeling Parkinson's disease,https://reporter.nih.gov/project-details/10883298,MD,MD-07,JOHNS HOPKINS UNIVERSITY,False,"KIM, DEOK-HO ",National Institute of Neurological Disorders and Stroke,PAR-22-243,R01NS133965,Non-SBIR/STTR,360393,229751
526174,10882041,2024,Engineering Heterocellular Human Skeletal Muscle Tissues to Recreate and Study Native Stem Cell Niche Function,https://reporter.nih.gov/project-details/10882041,NC,NC-04,DUKE UNIVERSITY,True,"BURSAC, NENAD ",National Institute of Arthritis and Musculoskeletal and Skin Diseases,PAR-22-242,R01AR083155,Non-SBIR/STTR,331050,195124
607822,10885188,2024,Integrating imaging and biopsy-derived molecular markers for the pre-surgical detection of indolent and aggressive early stage lung adenocarcinoma,https://reporter.nih.gov/project-details/10885188,MA,MA-07,BOSTON UNIVERSITY MEDICAL CAMPUS,True,"LENBURG, MARC ELLIOTT",National Cancer Institute,PAR-22-131,R01CA275015,Non-SBIR/STTR,522052,85770
580331,10872726,2024,Deep Learning-based Diagnosis of Retinopathy of Prematurity,https://reporter.nih.gov/project-details/10872726,NJ,NJ-08,THE TRUSTEES OF THE STEVENS INSTITUTE OF TECHNOLOGY,True,"KANG-MIELER, JENNIFER J",National Eye Institute,PAR-22-242,R01EY036203,Non-SBIR/STTR,405608,174723
487398,10924011,2024,Adjuvant Photodynamic Therapy to Reduce Bacterial Bioburden in High-Energy Contaminated Open Fractures,https://reporter.nih.gov/project-details/10924011,NH,NH-02,DARTMOUTH-HITCHCOCK CLINIC,True,"ELLIOTT, JONATHAN T",National Institute of Arthritis and Musculoskeletal and Skin Diseases,PAR-22-242,R01AR081952,Non-SBIR/STTR,318561,168837
377498,10930337,2024,"RACING AHEAD (Research-focused Assessment of Capacity, Institutional Needs and Growth strategies to Advance Health Equity and Address Disparities)",https://reporter.nih.gov/project-details/10930337,NC,NC-01,EAST CAROLINA UNIVERSITY,True,"VERBANAC, KATHRYN M.",National Institute on Drug Abuse,PAR-23-144,UC2DA062360,Non-SBIR/STTR,249999,127499
387500,10931285,2024,The Future of Rural Health: Accelerating Biomedical Excellence at TTUHSC,https://reporter.nih.gov/project-details/10931285,TX,TX-19,TEXAS TECH UNIVERSITY HEALTH SCIS CENTER,False,"MCMAHON, LANCE R.",National Institute on Minority Health and Health Disparities,PAR-23-144,UC2MD019638,Non-SBIR/STTR,250000,137500
374274,10931257,2024,Identifying Needs and Building Research Capacity at an Historically-Black University,https://reporter.nih.gov/project-details/10931257,DE,DE-00,DELAWARE STATE UNIVERSITY,True,"HARRINGTON, MELISSA A",National Institute of General Medical Sciences,PAR-23-144,UC2GM157743,Non-SBIR/STTR,266283,107991
624928,10933653,2024,Synergistic advancements in MR thermometry and predictive thermal modeling towards improved characterization of human brain temperature,https://reporter.nih.gov/project-details/10933653,GA,GA-05,EMORY UNIVERSITY,True,"FLEISCHER, CANDACE C.",National Institute of Neurological Disorders and Stroke,PAR-22-242,R01NS138044,Non-SBIR/STTR,491746,133182
710656,10973136,2024,PROSPECT: Premalignant Oral Lesions Pathology and Epigenetic Risk Prediction Tool,https://reporter.nih.gov/project-details/10973136,CA,CA-23,LOMA LINDA UNIVERSITY,True,"VIET, CHI T.",National Cancer Institute,PAR-22-131,R01CA293995,Non-SBIR/STTR,551335,159321
628012,10943254,2024,An Injectable Electrode to Better Isolate the Posterior Tibial Nerve to Treat OAB,https://reporter.nih.gov/project-details/10943254,WI,WI-02,UNIVERSITY OF WISCONSIN-MADISON,True,"LUDWIG, KIP A",National Institute of Neurological Disorders and Stroke,PAR-22-242,R01NS138422,Non-SBIR/STTR,459569,168443
609749,10981700,2024,Enhanced Delivery of Cytotoxic Neural Stem Cells for Treatment of Glioblastoma Multiforme Using an Innovative In-situ Thermogelling Hydrogel and Focused Ultrasound,https://reporter.nih.gov/project-details/10981700,NC,,UNIV OF NORTH CAROLINA CHAPEL HILL,True,"BENHABBOUR, SOUMYA RAHIMA",National Cancer Institute,PAR-22-242,R01CA286609,Non-SBIR/STTR,414982,194767
582234,10980700,2024,Multiplex Ultrasound Imaging for the Detection of Head and Neck Lymph Node Micrometastases,https://reporter.nih.gov/project-details/10980700,NH,NH-02,DARTMOUTH COLLEGE,True,"LUKE, GEOFFREY P.",National Institute of Dental and Craniofacial Research,PAR-22-242,R01DE033175,Non-SBIR/STTR,394762,187472
758188,10772644,2024,"Wildland-Urban Interface Fire Exposures, Effects, and Interventions: A Collaborative Research-to-Action Partnership with Firefighters",https://reporter.nih.gov/project-details/10772644,AZ,AZ-07,UNIVERSITY OF ARIZONA,False,"BURGESS, JEFFEREY L.",National Institute of Environmental Health Sciences,PAR-22-210,R01ES035965,Non-SBIR/STTR,531594,226594
538523,10980353,2024,Imaging and computational platform for integrated analysis of biodata,https://reporter.nih.gov/project-details/10980353,NC,,NORTH CAROLINA STATE UNIVERSITY RALEIGH,True,"GREENBAUM, ALON ",National Institute of Neurological Disorders and Stroke,PAR-22-242,R01NS134593,Non-SBIR/STTR,367835,170688
767009,10996979,2024,Enhanced radiotherapy for pediatric glioma via synthetic lethal vulnerabilities,https://reporter.nih.gov/project-details/10996979,MA,MA-07,DANA-FARBER CANCER INST,True,"CHOWDHURY, DIPANJAN ",National Cancer Institute,PAR-22-198,R01CA284565,Non-SBIR/STTR,475993,291016
571650,10940755,2024,Repurposing FDA-approved drugs for the treatment of osteoarthritis using high-throughput screening in microphysiological models,https://reporter.nih.gov/project-details/10940755,PA,PA-12,UNIVERSITY OF PITTSBURGH AT PITTSBURGH,True,"LIN, HANG ",National Institute of Arthritis and Musculoskeletal and Skin Diseases,PAR-22-242,R01AR084472,Non-SBIR/STTR,459834,111816
627939,10945892,2024,Characterization of Diverse Pediatric Cancers in LMIC Using Low-Cost Nanopore Sequencing,https://reporter.nih.gov/project-details/10945892,NC,,UNIV OF NORTH CAROLINA CHAPEL HILL,True,"WANG, JEREMY R",National Cancer Institute,PAR-22-242,R01CA293366,Non-SBIR/STTR,466325,161614
930825,10999839,2024,A National Test of a Culturally Tailored mHealth Integrated Smoking Cessation and Mental Health Intervention for Black Adults with HIV,https://reporter.nih.gov/project-details/10999839,TX,TX-18,UNIVERSITY OF HOUSTON,True,"GAREY, LORRA ",National Institute on Minority Health and Health Disparities,RFA-MD-24-003,R01MD019957,Non-SBIR/STTR,780273,150552
798032,10879111,2024,A novel bioengineering approach to restoring permanent periodontal inflammatory bone loss,https://reporter.nih.gov/project-details/10879111,MA,MA-07,BRIGHAM AND WOMEN'S HOSPITAL,False,"JANG, HAE LIN ",National Institute of Dental and Craniofacial Research,PAR-22-242,R01DE032406,Non-SBIR/STTR,560816,237216
596541,10883380,2024,"A Nanoelectronic Strategy for Reliable, Large-scale Chronic Neural Recording",https://reporter.nih.gov/project-details/10883380,TX,TX-09,RICE UNIVERSITY,False,"XIE, CHONG ",National Institute of Neurological Disorders and Stroke,PAR-22-242,R01NS102917,Non-SBIR/STTR,395873,200668
571716,10882705,2024,Establishing Walking-related Digital Biomarkers in Rare Childhood Onset Progressive Neuromuscular Disorders,https://reporter.nih.gov/project-details/10882705,NY,NY-13,COLUMBIA UNIVERSITY HEALTH SCIENCES,False,"MONTES, JACQUELINE ",Eunice Kennedy Shriver National Institute of Child Health and Human Development,PAR-22-242,R01HD112908,Non-SBIR/STTR,431492,140224
592860,10884411,2024,"Identifying lethal prostate cancer at diagnosis with advanced proteoglycomic, radiomic, and genomic approaches",https://reporter.nih.gov/project-details/10884411,MO,MO-01,WASHINGTON UNIVERSITY,True,"IPPOLITO, JOSEPH EDWARD",National Cancer Institute,PAR-22-131,R01CA282022,Non-SBIR/STTR,452920,139940
586525,10978704,2024,Non-invasive infrared light therapy and medical device to treat spinal cord injury,https://reporter.nih.gov/project-details/10978704,MI,MI-13,WAYNE STATE UNIVERSITY,True,"HUETTEMANN, MAIK ",National Institute of Neurological Disorders and Stroke,PAR-22-242,R01NS134695,Non-SBIR/STTR,387738,198787
174753,10998759,2024,Building a Collaborative Research and Training Platform for HIV and Rheumatic and Musculoskeletal Diseases in Uganda,https://reporter.nih.gov/project-details/10998759,CT,CT-03,YALE UNIVERSITY,True,"HSIEH, EVELYN ",John E. Fogarty International Center for Advanced Study in the Health Sciences,PAR-23-191,R21TW012889,Non-SBIR/STTR,131924,42829
642450,10932893,2024,Targeted radiation and immunocytokine therapy for CEA positive malignancies,https://reporter.nih.gov/project-details/10932893,CA,CA-31,BECKMAN RESEARCH INSTITUTE/CITY OF HOPE,True,"SHIVELY, JOHN ERNEST",National Cancer Institute,PAR-22-198,R01CA283603,Non-SBIR/STTR,394248,248202
599191,10982172,2024,A 3D DCE-US Interconnected Voxel Analysis Framework for Bedside Characterization of Tumor Vascular Properties in Liver Malignancies.,https://reporter.nih.gov/project-details/10982172,CA,CA-50,"UNIVERSITY OF CALIFORNIA, SAN DIEGO",True,"EL KAFFAS, AHMED ",National Cancer Institute,PAR-22-242,R01CA286505,Non-SBIR/STTR,440492,158699
517732,10902514,2024,Mechanisms of endocrine therapy and radiation synergism to decrease brain metastases,https://reporter.nih.gov/project-details/10902514,CO,CO-06,UNIVERSITY OF COLORADO DENVER,True,"CITTELLY, DIANA M.",National Cancer Institute,PAR-22-198,R01CA290813,Non-SBIR/STTR,335837,181895
652198,10895462,2024,Exploiting cell fate transition to overcome radiation resistance in glioblastoma,https://reporter.nih.gov/project-details/10895462,NY,NY-12,NEW YORK UNIVERSITY SCHOOL OF MEDICINE,True,"SULMAN, ERIK ",National Cancer Institute,PAR-22-198,R01CA282756,Non-SBIR/STTR,479055,173143
613760,10896444,2024,Autoantibodies to tumor-derived neoepitopes as biomarkers and immunoPET agents for the early detection of small cell lung cancer,https://reporter.nih.gov/project-details/10896444,WA,WA-07,FRED HUTCHINSON CANCER CENTER,True,"LAMPE, PAUL D.",National Cancer Institute,PAR-22-131,R01CA281801,Non-SBIR/STTR,462534,151226
554133,10860512,2024,Mechanical Stress and Lung Tumor Progression,https://reporter.nih.gov/project-details/10860512,UT,UT-01,UNIVERSITY OF UTAH,False,"WEISS, JEFFREY A.",National Cancer Institute,PAR-22-242,R01CA290182,Non-SBIR/STTR,388395,165738
484078,10844584,2024,Utilizing Radiation-Induced Multi-potency to Increase the Efficacy of Radiotherapy,https://reporter.nih.gov/project-details/10844584,CA,,UNIVERSITY OF CALIFORNIA LOS ANGELES,True,"PAJONK, FRANK ",National Cancer Institute,PAR-22-198,R01CA281682,Non-SBIR/STTR,307351,176727
422528,10846861,2024,A wireless closed-loop sleep modulation system-on-chip,https://reporter.nih.gov/project-details/10846861,PA,PA-03,UNIVERSITY OF PENNSYLVANIA,True,"RICHARDSON, ANDREW GARMORY",National Institute of Neurological Disorders and Stroke,PAR-22-242,R01NS129738,Non-SBIR/STTR,312327,110201
437187,10846712,2024,PAIRS: Validating telomerase reverse transcriptase (TERT) as an intrinsic vulnerability toward sensitizing cancer to radiation,https://reporter.nih.gov/project-details/10846712,IL,IL-01,UNIVERSITY OF CHICAGO,True,"KRON, STEPHEN J.",National Cancer Institute,PAR-22-198,R01CA282781,Non-SBIR/STTR,329529,107658
315935,11011485,2025,A soft magnetoelastic microneedle patch for rapid skin cancer screening,https://reporter.nih.gov/project-details/11011485,CA,,UNIVERSITY OF CALIFORNIA LOS ANGELES,True,"CHEN, JUN ",National Cancer Institute,PAR-22-243,R01CA287326,Non-SBIR/STTR,205875,110060
545361,11065502,2025,Photothermal Nanoparticles Immune Engineer Tumor-specific T cells for Adoptive Cell Therapy,https://reporter.nih.gov/project-details/11065502,DC,DC-00,GEORGE WASHINGTON UNIVERSITY,True,"FERNANDES, ROHAN ",National Cancer Institute,PAR-22-242,R01CA290045,Non-SBIR/STTR,405953,139408
222106,11071992,2025,Investigating Interactions Between Radiation and Antibody-Drug Conjugates in Bladder Cancer,https://reporter.nih.gov/project-details/11071992,MA,MA-07,DANA-FARBER CANCER INST,True,"MOUW, KENT W",National Cancer Institute,PAR-22-199,R21CA288234,Non-SBIR/STTR,125681,96425
743480,11055066,2025,Mechanisms of localized neuronal excitation with diamond Wireless Axon and electrical microstimulation,https://reporter.nih.gov/project-details/11055066,PA,PA-12,UNIVERSITY OF PITTSBURGH AT PITTSBURGH,True,"KOZAI, TAKASHI DANIEL YOSHIDA",National Institute of Neurological Disorders and Stroke,PAR-22-242,R01NS105691,Non-SBIR/STTR,605748,137732
555825,11050128,2025,Artificial Intelligence Assisted Optical Coherence Tomography for Differential Diagnosis and Management of Irregular Corneas,https://reporter.nih.gov/project-details/11050128,OR,OR-01,OREGON HEALTH & SCIENCE UNIVERSITY,True,"LI, YAN ",National Eye Institute,PAR-22-242,R01EY029023,Non-SBIR/STTR,356298,199527
404177,11133363,2025,"New protein-engineered tools and technologies for identifying, deorphanizing, and targeting shed proteins in cancer",https://reporter.nih.gov/project-details/11133363,CA,CA-11,"UNIVERSITY OF CALIFORNIA, SAN FRANCISCO",True,"WELLS, JAMES A",National Cancer Institute,PAR-22-242,R01CA248323,Non-SBIR/STTR,250000,154177
380054,11173663,2025,The Future of Rural Health: Accelerating Biomedical Excellence at TTUHSC,https://reporter.nih.gov/project-details/11173663,TX,TX-19,TEXAS TECH UNIVERSITY HEALTH SCIS CENTER,True,"MCMAHON, LANCE R.",National Institute on Minority Health and Health Disparities,PAR-23-144,UC2MD019638,Non-SBIR/STTR,245196,134858
496385,11077304,2025,Establishing Walking-related Digital Biomarkers in Rare Childhood Onset Progressive Neuromuscular Disorders,https://reporter.nih.gov/project-details/11077304,NY,NY-13,COLUMBIA UNIVERSITY HEALTH SCIENCES,True,"MONTES, JACQUELINE ",Eunice Kennedy Shriver National Institute of Child Health and Human Development,PAR-22-242,R01HD112908,Non-SBIR/STTR,416640,79745
647754,11073672,2025,Drugging NRF2 to improve radiation therapy in head and neck squamous cell carcinoma,https://reporter.nih.gov/project-details/11073672,MO,MO-01,WASHINGTON UNIVERSITY,True,"MAJOR, MICHAEL BENJAMIN",National Cancer Institute,PAR-22-198,R01CA290809,Non-SBIR/STTR,504434,143320
489403,11077761,2025,Investigation of Cognitive and Affective Deficits Post TBI Using Multimodal Flexible Neural Probes,https://reporter.nih.gov/project-details/11077761,PA,PA-12,UNIVERSITY OF PITTSBURGH AT PITTSBURGH,True,"CUI, XINYAN TRACY",National Institute of Neurological Disorders and Stroke,PAR-22-242,R01NS136622,Non-SBIR/STTR,316479,172924
680433,11029958,2025,Multimodality spatial analysis in prostate cancer to improve prognostic estimation and cast light into the black box of pathology artificial intelligence algorithms,https://reporter.nih.gov/project-details/11029958,CA,CA-11,"UNIVERSITY OF CALIFORNIA, SAN FRANCISCO",True,"COOPERBERG, MATTHEW R",National Cancer Institute,PAR-22-131,R01CA296792,Non-SBIR/STTR,414898,265535
655306,11048870,2025,Leveraging reactive metabolite generation in brain tumors,https://reporter.nih.gov/project-details/11048870,CA,CA-11,"UNIVERSITY OF CALIFORNIA, SAN FRANCISCO",True,"VISWANATH, PAVITHRA ",National Cancer Institute,PAR-22-198,R01CA288389,Non-SBIR/STTR,399577,255729
169879,11042827,2025,Synthetic combination therapy for diffuse midline gliomas,https://reporter.nih.gov/project-details/11042827,CA,CA-11,"UNIVERSITY OF CALIFORNIA, SAN FRANCISCO",True,"VISWANATH, PAVITHRA ",National Cancer Institute,PAR-22-199,R21CA289565,Non-SBIR/STTR,105188,64691
667533,11049595,2025,"Targeting Lymphoma: A Multimodal Approach using Radiation, CART-19 Therapy, and Gut Microbiome Modulation",https://reporter.nih.gov/project-details/11049595,PA,PA-03,UNIVERSITY OF PENNSYLVANIA,True,"FACCIABENE, ANDREA ",National Cancer Institute,PAR-22-198,R01CA288473,Non-SBIR/STTR,437299,230234
461181,11078277,2025,Mechanical Stress and Lung Tumor Progression,https://reporter.nih.gov/project-details/11078277,UT,UT-01,UNIVERSITY OF UTAH,True,"WEISS, JEFFREY A.",National Cancer Institute,PAR-22-242,R01CA290182,Non-SBIR/STTR,323493,137688
377962,11081023,2025,Machine-Learning Aided Design of Avidity-Based Biosensors of Ubiquitin Signaling,https://reporter.nih.gov/project-details/11081023,CO,CO-02,COLORADO STATE UNIVERSITY,True,"YAO, TINGTING ",National Cancer Institute,PAR-22-242,R01CA283904,Non-SBIR/STTR,252051,125911
632300,11144018,2025,Ultrahigh-throughput imaging of 3D tumor microenvironment at nanoscale,https://reporter.nih.gov/project-details/11144018,PA,PA-12,CARNEGIE-MELLON UNIVERSITY,True,"ZHAO, YONGXIN ",National Cancer Institute,PAR-22-242,R01CA301488,Non-SBIR/STTR,545576,86724
628069,11084392,2025,Engineering self-assembled skin-on-a-chip,https://reporter.nih.gov/project-details/11084392,MA,MA-07,BOSTON CHILDREN'S HOSPITAL,True,"KOEHLER, KARL RUSSELL",National Institute of Arthritis and Musculoskeletal and Skin Diseases,PAR-22-242,R01AR083139,Non-SBIR/STTR,354841,273228
363750,11167437,2025,STrengthening Research OpportuNities for Growth at Meharry Medical College (Meharry-STRONG),https://reporter.nih.gov/project-details/11167437,TN,TN-07,MEHARRY MEDICAL COLLEGE,True,"LINDSEY, MERRY L.",National Institute on Minority Health and Health Disparities,PAR-23-144,UC2MD019626,Non-SBIR/STTR,250000,113750
506076,11113909,2025,Synthetic mesoscope to image large-scale neural activity with near-single-cell resolution in freely-behaving animals,https://reporter.nih.gov/project-details/11113909,CA,CA-04,UNIVERSITY OF CALIFORNIA AT DAVIS,True,"YANG, WEIJIAN ",National Institute of Neurological Disorders and Stroke,PAR-22-242,R01NS133924,Non-SBIR/STTR,377664,128412
544629,11051889,2025,"Early prediction of lethal phenotypes in triple negative breast cancer using multiscale, multi-modality platforms",https://reporter.nih.gov/project-details/11051889,GA,GA-05,EMORY UNIVERSITY,True,"BADVE, SUNIL S.",National Cancer Institute,PAR-22-131,R01CA281932,Non-SBIR/STTR,408081,136548
606548,11026557,2025,Volumetric Mesoscopic Electrophysiology: A New Recording Modality with a Unique Functional Profile and Wide Range of Applications,https://reporter.nih.gov/project-details/11026557,PA,PA-12,UNIVERSITY OF PITTSBURGH AT PITTSBURGH,True,"TEICHERT, TOBIAS ",National Institute of Neurological Disorders and Stroke,PAR-22-242,R01NS140235,Non-SBIR/STTR,395932,210616
600475,11029300,2025,Engineering the fetal environment for in utero treatment of spina bifida bone defect,https://reporter.nih.gov/project-details/11029300,CA,CA-04,UNIVERSITY OF CALIFORNIA AT DAVIS,True,"HAO, DAKE ",National Institute of Arthritis and Musculoskeletal and Skin Diseases,PAR-22-242,R01AR085141,Non-SBIR/STTR,372966,227509
784185,11042142,2025,"Wildland-Urban Interface Fire Exposures, Effects, and Interventions: A Collaborative Research-to-Action Partnership with Firefighters",https://reporter.nih.gov/project-details/11042142,AZ,AZ-07,UNIVERSITY OF ARIZONA,True,"BURGESS, JEFFEREY L.",National Institute of Environmental Health Sciences,PAR-22-210,R01ES035965,Non-SBIR/STTR,562879,221306
606025,11049749,2025,Longitudinal neuronal and behavioral responses to microstimulation of LGN by ultraflexible electrodes,https://reporter.nih.gov/project-details/11049749,TX,TX-09,RICE UNIVERSITY,True,"LUAN, LAN ",National Eye Institute,PAR-22-242,R01EY036094,Non-SBIR/STTR,438124,167901
563877,11046553,2025,"A flexible, low power, multi-channel, real-time BCI for seizure monitoring and Modulation",https://reporter.nih.gov/project-details/11046553,CT,CT-03,YALE UNIVERSITY,True,"MANOHAR, RAJIT ",National Institute of Neurological Disorders and Stroke,PAR-22-242,R01NS136442,Non-SBIR/STTR,350122,213755
559820,11050303,2025,Biomechanics of the Human Brain During High-Severity Impacts: A Multimodal Approach,https://reporter.nih.gov/project-details/11050303,SC,SC-06,UNIVERSITY OF SOUTH CAROLINA AT COLUMBIA,True,"ALSHAREEF, AHMED ",National Institute of Neurological Disorders and Stroke,PAR-22-242,R01NS136056,Non-SBIR/STTR,491458,68362
643049,11142198,2025,Physiomimetic Models of Endometrioma Initiation,https://reporter.nih.gov/project-details/11142198,IL,IL-13,UNIVERSITY OF ILLINOIS AT URBANA-CHAMPAIGN,True,"HARLEY, BRENDAN A.",Eunice Kennedy Shriver National Institute of Child Health and Human Development,PAR-22-242,R01HD118600,Non-SBIR/STTR,429923,213126
579032,11055342,2025,Bioengineering adipocytes for cancer therapy,https://reporter.nih.gov/project-details/11055342,CA,CA-11,"UNIVERSITY OF CALIFORNIA, SAN FRANCISCO",True,"AHITUV, NADAV ",National Cancer Institute,PAR-22-242,R01CA283826,Non-SBIR/STTR,358534,220498
733049,11077887,2025,A novel bioengineering approach to restoring permanent periodontal inflammatory bone loss,https://reporter.nih.gov/project-details/11077887,MA,MA-07,BRIGHAM AND WOMEN'S HOSPITAL,True,"JANG, HAE LIN ",National Institute of Dental and Craniofacial Research,PAR-22-242,R01DE032406,Non-SBIR/STTR,515838,217211
717667,11050742,2025,Artificial intelligence enabled Stroma-Weighted Automated Grading system to improve risk stratification in Black Men,https://reporter.nih.gov/project-details/11050742,NY,NY-13,ICAHN SCHOOL OF MEDICINE AT MOUNT SINAI,True,"TEWARI, ASHUTOSH K",National Cancer Institute,PAR-22-131,R01CA290438,Non-SBIR/STTR,535274,182393
621500,11048017,2025,Novel Nano- and Immuno-Probes for Multicolor Electron Microscopy of Neural Cells and Tissues,https://reporter.nih.gov/project-details/11048017,MA,MA-05,HARVARD UNIVERSITY,True,"PRIGOZHIN, MAXIM ",National Institute of Neurological Disorders and Stroke,PAR-22-242,R01NS134846,Non-SBIR/STTR,381027,240473
638718,11050301,2025,"Selective, epineural stimulation of peripheral nerves with interferential electrical fields",https://reporter.nih.gov/project-details/11050301,NY,NY-03,FEINSTEIN INSTITUTE FOR MEDICAL RESEARCH,True,"ZANOS, STAVROS ",National Institute of Neurological Disorders and Stroke,PAR-22-242,R01NS136685,Non-SBIR/STTR,425274,213444
581422,11043419,2025,High-throughput neurovascular-unit-on-a-chip with OASIS for modeling Parkinson's disease,https://reporter.nih.gov/project-details/11043419,MD,MD-07,JOHNS HOPKINS UNIVERSITY,True,"KIM, DEOK-HO ",National Institute of Neurological Disorders and Stroke,PAR-22-243,R01NS133965,Non-SBIR/STTR,355067,226355
662516,11127053,2025,Imaging radiation-enhanced drug delivery for safer and more effective chemoradiotherapy,https://reporter.nih.gov/project-details/11127053,MA,MA-08,MASSACHUSETTS GENERAL HOSPITAL,True,"MILLER, MILES A",National Cancer Institute,PAR-22-198,R01CA291779,Non-SBIR/STTR,398137,264379
186320,11001827,2024,We Are Together (WAT):Development and testing of an intervention to reduce HIV-related stigma among pregnant and postpartum women,https://reporter.nih.gov/project-details/11001827,CA,CA-11,"UNIVERSITY OF CALIFORNIA, SAN FRANCISCO",True,"OUNER, JERRY JOHN",John E. Fogarty International Center for Advanced Study in the Health Sciences,PAR-23-190,R01TW012893,Non-SBIR/STTR,129626,56694
582959,11009366,2024,Universal Test and Connect: A Pilot Study of Comprehensive HIV Service Delivery in Emergency Care Settings in South Africa,https://reporter.nih.gov/project-details/11009366,MD,MD-07,JOHNS HOPKINS UNIVERSITY,True,"HANSOTI, BHAKTI ",National Institute of Mental Health,PAR-23-060,R34MH138250,Non-SBIR/STTR,463883,119076
185040,11002859,2024,A total school approach using safeguarding to address HIV-related stigma and discrimination in boarding schools in Zambia,https://reporter.nih.gov/project-details/11002859,CA,CA-37,UNIVERSITY OF SOUTHERN CALIFORNIA,True,"FERGUSON, LAURA ",John E. Fogarty International Center for Advanced Study in the Health Sciences,PAR-23-190,R01TW012663,Non-SBIR/STTR,141734,43306
650112,11009327,2024,HomeLink2: Reducing posthospitalization mortality among people living with HIV through structured home care and nutritional supplementation,https://reporter.nih.gov/project-details/11009327,MD,MD-07,JOHNS HOPKINS UNIVERSITY,True,"HOFFMANN, CHRISTOPHER J",National Institute of Mental Health,PAR-23-062,R01MH138270,Non-SBIR/STTR,514513,135599
205236,11002879,2024,Kupambana: A Combined Microeconomic Strengthening and Stigma Reduction Intervention for Young People with HIV in Zambia,https://reporter.nih.gov/project-details/11002879,NC,,UNIV OF NORTH CAROLINA CHAPEL HILL,True,"MASA, RAINIER DEVERA",John E. Fogarty International Center for Advanced Study in the Health Sciences,PAR-23-190,R01TW012676,Non-SBIR/STTR,151353,53883
207738,11002931,2024,Kabawil: Adapting an Intervention to Reduce Intersectional Stigmas among Indigenous Sexual Minority Men and Traditional Healers in Mesoamerica,https://reporter.nih.gov/project-details/11002931,WA,WA-07,UNIVERSITY OF WASHINGTON,False,"ORELLANA, EDWIN ROBERTO ",John E. Fogarty International Center for Advanced Study in the Health Sciences,PAR-23-190,R01TW012904,Non-SBIR/STTR,133790,73948
709213,11009836,2024,A Multi-Level Integrated Strategy to Optimize PrEP Adherence for Black MSM and Accelerate Implementation at Scale,https://reporter.nih.gov/project-details/11009836,CT,CT-03,YALE UNIVERSITY,False,"RAMOS, SILVIA RAQUEL ",National Institute of Mental Health,PAR-23-062,R01MH138225,Non-SBIR/STTR,499700,209513
187491,11002820,2024,Developing and testing a digital health tool for INterseCtional stigma assessment and reduction at multiple Levels and mUltiple DimEnsions (INCLUDE) to improve HIV care in ART centers in Nepal,https://reporter.nih.gov/project-details/11002820,CA,CA-11,"UNIVERSITY OF CALIFORNIA, SAN FRANCISCO",True,"ACHARYA, BIBHAV ",John E. Fogarty International Center for Advanced Study in the Health Sciences,PAR-23-190,R01TW012682,Non-SBIR/STTR,129787,57704
235500,10921230,2024,Adapting DBT for Persons Living with HIV/AIDS Using an Artificial Intelligence-Powered Conversational Agent,https://reporter.nih.gov/project-details/10921230,NJ,NJ-10,RUTGERS BIOMEDICAL AND HEALTH SCIENCES,False,"KOZLOV, ELISSA K",National Institute of Mental Health,PAR-23-060,R34MH134693,Non-SBIR/STTR,150000,85500
211326,10924846,2024,Formative work for the development of an intervention to support combined HIV/syphilis self-testing and linkage to prevention and treatment services for transgender women in South Africa,https://reporter.nih.gov/project-details/10924846,CO,CO-06,UNIVERSITY OF COLORADO DENVER,True,"RAEL, CHRISTINE TAGLIAFERRI",National Institute of Mental Health,PAR-23-061,R21MH135779,Non-SBIR/STTR,156112,55214
594148,10924784,2024,HIV viral suppression and prevention of postpartum weight retention in South Africa: A pilot trial,https://reporter.nih.gov/project-details/10924784,RI,RI-01,BROWN UNIVERSITY,True,"PELLOWSKI, JENNIFER ANN",National Institute of Mental Health,PAR-23-060,R34MH135761,Non-SBIR/STTR,471511,122637
702000,10924590,2024,Optimizing implementation of long-acting injectable PrEP,https://reporter.nih.gov/project-details/10924590,WI,WI-04,MEDICAL COLLEGE OF WISCONSIN,True,"JOHN, STEVEN A",National Institute of Mental Health,PAR-23-060,R34MH135746,Non-SBIR/STTR,450000,252000
714765,10838750,2024,Interactive Internet-based Motivational Interviewing Training for HIV Counseling Support Staff to Improve Health Communication in HIV Care Interactions,https://reporter.nih.gov/project-details/10838750,FL,FL-02,FLORIDA STATE UNIVERSITY,True,"BALAN, IVAN C",National Institute of Mental Health,PAR-23-060,R34MH133468,Non-SBIR/STTR,490146,224619
662604,10839696,2024,Sequential Strategies to Reach and Reengage Individuals after Lapses from HIV Care in Zambia,https://reporter.nih.gov/project-details/10839696,MO,MO-01,WASHINGTON UNIVERSITY,True,"MODY, AALOKE ",National Institute of Mental Health,PAR-23-062,R01MH135819,Non-SBIR/STTR,524983,137621
692070,10839631,2024,Adaptation of a digital health HIV prevention intervention for Black heterosexual couples in New York State,https://reporter.nih.gov/project-details/10839631,NY,NY-25,UNIVERSITY OF ROCHESTER,True,"LEBLANC, NATALIE MARIE",National Institute of Mental Health,PAR-23-060,R34MH128118,Non-SBIR/STTR,532686,159384
636301,10925871,2024,Integrating U=U into HIV counseling: a cluster-randomized efficacy trial (INTUIT 2.0),https://reporter.nih.gov/project-details/10925871,MA,MA-07,BOSTON UNIVERSITY MEDICAL CAMPUS,True,"BOR, JACOB ",National Institute of Mental Health,PAR-23-062,R01MH135774,Non-SBIR/STTR,528085,108216
722368,11077151,2024,Identifying the mechanisms of water insecurity on HIV treatment outcomes,https://reporter.nih.gov/project-details/11077151,CA,CA-11,"UNIVERSITY OF CALIFORNIA, SAN FRANCISCO",True,"OUNER, JERRY JOHN",National Institute of Mental Health,PAR-23-062,R56MH134671,Non-SBIR/STTR,538531,183837
381487,11006907,2024,Scaling Comprehensively Access to Long-acting for an Effective Use of PrEP (SCALE-UP),https://reporter.nih.gov/project-details/11006907,MD,MD-07,UNIVERSITY OF MARYLAND BALTIMORE,True,"LAVOIE, MARIE-CLAUDE CAROLINE",National Institute of Mental Health,PAR-23-061,R21MH138197,Non-SBIR/STTR,301321,80166
752498,10846250,2024,A Randomized Control Trial of Striving Towards EmPowerment and Medication Adherence (STEP-AD) among Black Women Living with HIV,https://reporter.nih.gov/project-details/10846250,FL,FL-27,UNIVERSITY OF MIAMI CORAL GABLES,False,"DALE, SANNISHA K.",National Institute of Mental Health,PAR-23-062,R01MH135833,Non-SBIR/STTR,499999,252499
2520503,10927604,2024,Clinical trial of omalizumab for allergen sensitized and exposed individuals with COPD,https://reporter.nih.gov/project-details/10927604,MD,MD-07,JOHNS HOPKINS UNIVERSITY,True,"PUTCHA, NIRUPAMA ",National Institute of Allergy and Infectious Diseases,PAR-23-084,U01AI177195,Non-SBIR/STTR,1555529,964974
836895,10925883,2024,Engaging communities to develop and evaluate communication strategies for HIV vaccine and prevention uptake among Black women in the Southern US,https://reporter.nih.gov/project-details/10925883,TX,TX-09,BAYLOR COLLEGE OF MEDICINE,True,"DANG, BICH NGOC",National Institute of Mental Health,PAR-23-062,R01MH134749,Non-SBIR/STTR,586897,249998
510927,10927561,2024,Kidney transplant Preemptive therapy or Prophylaxis (KPoP) for CMV Preventionin D+R- Recipients,https://reporter.nih.gov/project-details/10927561,WA,WA-07,UNIVERSITY OF WASHINGTON,False,"LIMAYE, ABHIJIT PRAKASH",National Institute of Allergy and Infectious Diseases,PAR-23-084,R01AI184205,Non-SBIR/STTR,430625,80302
709872,10924679,2024,Addressing Perinatal Depression and PMTCT Adherence in Malawi: A Couple-based Approach,https://reporter.nih.gov/project-details/10924679,CA,CA-11,"UNIVERSITY OF CALIFORNIA, SAN FRANCISCO",True,"CONROY, AMY ANNE",National Institute of Mental Health,PAR-23-060,R34MH134725,Non-SBIR/STTR,477179,232693
630010,11009731,2024,Implementing an Evidence-Based Trauma Treatment with Community-led PrEP Navigation for Transgender and Gender Diverse Individuals Affected by Violence and HIV.,https://reporter.nih.gov/project-details/11009731,CA,CA-51,SAN DIEGO STATE UNIVERSITY,True,"STORHOLM, ERIK D.",National Institute of Mental Health,PAR-23-060,R34MH138228,Non-SBIR/STTR,541794,88216
625598,11006175,2024,Scale-up of an evidence-based Adolescent Transition Package to support transitional care among youth living with HIV,https://reporter.nih.gov/project-details/11006175,WA,WA-07,UNIVERSITY OF WASHINGTON,True,"JOHN-STEWART, GRACE C.",National Institute of Mental Health,PAR-23-062,R01MH136897,Non-SBIR/STTR,514575,111023
173197,11002762,2024,Engaging Vulnerable Women in HIV Prevention and Health Promotion through a Stigma-Reduction Intervention: A Pilot Study,https://reporter.nih.gov/project-details/11002762,RI,RI-01,BROWN UNIVERSITY,True,"SUN, SHUFANG ",John E. Fogarty International Center for Advanced Study in the Health Sciences,PAR-23-190,R01TW012677,Non-SBIR/STTR,109797,63400
431712,10839225,2024,Improving HIV testing among Children under five in Rural Uganda,https://reporter.nih.gov/project-details/10839225,CA,CA-11,"UNIVERSITY OF CALIFORNIA, SAN FRANCISCO",True,"HOOFT, ANNEKA M",National Institute of Mental Health,PAR-23-061,R21MH135815,Non-SBIR/STTR,313572,118140
198625,10924577,2024,WePrEP: A bilingual shared decision-making tool to facilitate conversations between transgender women and their providers as they select an ideal PrEP method,https://reporter.nih.gov/project-details/10924577,CO,CO-06,UNIVERSITY OF COLORADO DENVER,False,"RAEL, CHRISTINE TAGLIAFERRI",National Institute of Mental Health,PAR-23-060,R34MH136932,Non-SBIR/STTR,128540,70085
2216525,10928522,2024,Intra-graft C1 esterase inhibitor therapy for deceased kidney transplantation,https://reporter.nih.gov/project-details/10928522,CA,CA-30,CEDARS-SINAI MEDICAL CENTER,True,"HEEGER, PETER SCOTT",National Institute of Allergy and Infectious Diseases,PAR-23-084,R01AI184203,Non-SBIR/STTR,1845646,370879
699425,10925797,2024,INcentives and ReMINDers to Improve Long-term Medication Adherence (INMIND),https://reporter.nih.gov/project-details/10925797,CA,CA-36,RAND CORPORATION,True,"LINNEMAYR, SEBASTIAN ",National Institute of Mental Health,PAR-23-062,R01MH135751,Non-SBIR/STTR,492604,206821
293996,10923288,2024,A self-administered PrEP Decisional Aid for dissemination with HIV self-test kits (DASH),https://reporter.nih.gov/project-details/10923288,MI,MI-06,UNIVERSITY OF MICHIGAN AT ANN ARBOR,False,"AMICO, KATHY RIVET ",National Institute of Mental Health,PAR-23-060,R34MH135799,Non-SBIR/STTR,192758,101238
215900,10923181,2024,TENDAI4PrEP: Adaptation of a problem-solving intervention to address individual and provider level barriers to PrEP uptake and adherence among pregnant persons in Zimbabwe,https://reporter.nih.gov/project-details/10923181,MA,MA-08,MASSACHUSETTS GENERAL HOSPITAL,False,"O'CLEIRIGH, CONALL MICHAEL",National Institute of Mental Health,PAR-23-060,R34MH134698,Non-SBIR/STTR,137921,77979
277552,10921786,2024,"Over-the-Counter PrEP: Acceptability, Feasibility, and Potential Impact of Access without a Prescription (OFFSCRIPT)",https://reporter.nih.gov/project-details/10921786,MA,MA-08,"HARVARD PILGRIM HEALTH CARE, INC.",False,"MARCUS, JULIA L.",National Institute of Mental Health,PAR-23-061,R21MH136855,Non-SBIR/STTR,202161,75391
825988,10923338,2024,Leveraging Extensive Social Determinants Data and Spatial Data Science to Reduce HIV Incidence across the United States Ending the HIV Epidemic Counties,https://reporter.nih.gov/project-details/10923338,CT,CT-03,YALE UNIVERSITY,True,"RANSOME, YUSUF ",National Institute of Mental Health,PAR-23-062,R01MH135807,Non-SBIR/STTR,604182,221806
682470,10923386,2024,Combating HIV Stigma in Healthcare Settings: A Standardized Patient Approach,https://reporter.nih.gov/project-details/10923386,MN,MN-05,UNIVERSITY OF MINNESOTA,False,"SMITH, M KUMI",National Institute of Mental Health,PAR-23-062,R01MH136900,Non-SBIR/STTR,547520,134950
283625,10915265,2024,Leveraging video logs as a bridge to pre-exposure prophylaxis (PrEP) with tailored messaging to Black women and their healthcare providers in Texas,https://reporter.nih.gov/project-details/10915265,TX,TX-18,UNIVERSITY OF TEXAS HLTH SCI CTR HOUSTON,True,"HILL, MANDY J",National Institute of Mental Health,PAR-23-060,R34MH136826,Non-SBIR/STTR,181811,101814
308371,11009234,2024,"Impact of geographic mobility on PrEP and HIV care outcomes among Latino gay, bisexual and other men who have sex with men",https://reporter.nih.gov/project-details/11009234,NY,NY-12,NEW YORK BLOOD CENTER,False,"TIEU, HONG VAN NHU",National Institute of Mental Health,PAR-23-061,R21MH136915,Non-SBIR/STTR,180545,127826
421621,10947227,2024,Combined guanfacine and mindfulness meditation as an adjunct to buprenorphine maintenance in OUD,https://reporter.nih.gov/project-details/10947227,NJ,NJ-10,RUTGERS BIOMEDICAL AND HEALTH SCIENCES,True,"RAY, SUCHISMITA ",National Institute on Drug Abuse,PAR-23-158,R61DA059906,Non-SBIR/STTR,313909,107712
1326630,11011653,2024,Liposomal Amphotericin B and Flucytosine Antifungal Strategies for Talaromycosis (LAmB-FAST),https://reporter.nih.gov/project-details/11011653,NC,NC-04,DUKE UNIVERSITY,True,"LE, THUY ",National Institute of Allergy and Infectious Diseases,PAR-23-084,R01AI181764,Non-SBIR/STTR,1029904,296726
707796,11009818,2024,AmbassADDOrs for Health: Maintaining youth-friendly HIV prevention services to young women through drug vendors,https://reporter.nih.gov/project-details/11009818,CA,CA-11,"UNIVERSITY OF CALIFORNIA, SAN FRANCISCO",True,"LIU, JENNY XIN",National Institute of Mental Health,PAR-23-062,R01MH136921,Non-SBIR/STTR,528901,178895
185273,11002878,2024,Adaptation and evaluation of an intersectional stigma reduction intervention to increase HIV care engagement among women who use drugs,https://reporter.nih.gov/project-details/11002878,MD,MD-07,JOHNS HOPKINS UNIVERSITY,True,"OWCZARZAK, JILL ",John E. Fogarty International Center for Advanced Study in the Health Sciences,PAR-23-190,R01TW012908,Non-SBIR/STTR,130073,55200
707687,11008075,2024,TB PrEP - Integrating HIV prevention with TB household contact evaluation,https://reporter.nih.gov/project-details/11008075,WA,WA-07,UNIVERSITY OF WASHINGTON,True,"ROSS, JENNIFER M",National Institute of Mental Health,PAR-23-062,R01MH134685,Non-SBIR/STTR,553456,154231
788119,11009640,2024,"Leveraging a Strategic Alliance of Community-Based Implementers and Researchers to Characterize, Protocolize, and Scale Up Local Implementation Strategies for Ending the HIV Epidemic among Latino MSM",https://reporter.nih.gov/project-details/11009640,FL,FL-27,UNIVERSITY OF MIAMI CORAL GABLES,False,"HARKNESS, AUDREY ",National Institute of Mental Health,PAR-23-062,R01MH138237,Non-SBIR/STTR,560699,227420
698683,11006585,2024,Scaling up for impact: HIV testing counselor-led pathway to accelerate PrEP delivery at scale,https://reporter.nih.gov/project-details/11006585,WA,WA-07,UNIVERSITY OF WASHINGTON,True,"MUGWANYA, KENNETH KIGGUNDU",National Institute of Mental Health,PAR-23-062,R01MH136842,Non-SBIR/STTR,512031,186652
711692,11007617,2024,Test-to-PrEP: A Randomized Hybrid Implementation/Effectiveness Trial of a Social Network Strategy to Increase Equitable Reach of HIV Testing and PrEP Information,https://reporter.nih.gov/project-details/11007617,FL,FL-27,UNIVERSITY OF MIAMI SCHOOL OF MEDICINE,True,"DOBLECKI-LEWIS, SUSANNE ",National Institute of Mental Health,PAR-23-062,R01MH138190,Non-SBIR/STTR,498554,213138
803221,11006929,2024,"Cluster Randomized controlled trial of Using PrEP, Doing it for Ourselves [UPDOs] Protective Styles: A salon-based intervention to improve PrEP uptake among Black cis-gender women.""",https://reporter.nih.gov/project-details/11006929,NC,NC-04,DUKE UNIVERSITY,True,"RANDOLPH, SCHENITA D.",National Institute of Nursing Research,PAR-23-062,R01NR021692,Non-SBIR/STTR,498224,304997
270250,10923493,2024,"Feasibility, acceptability, and preliminary efficacy of an adapted group-based and online HIV prevention intervention for immigrant sexual minority men in the US",https://reporter.nih.gov/project-details/10923493,IL,IL-07,UNIVERSITY OF ILLINOIS AT CHICAGO,False,"ABBOUD, SARAH ",National Institute of Mental Health,PAR-23-060,R34MH134603,Non-SBIR/STTR,180266,89984
683625,10924360,2024,AI-based Clinical decision support to idenTify wOmeN for HIV testing and PrEP in Florida (ACTION-HIV),https://reporter.nih.gov/project-details/10924360,FL,FL-03,UNIVERSITY OF FLORIDA,True,"LIU, YIYANG ",National Institute of Mental Health,PAR-23-060,R34MH135768,Non-SBIR/STTR,450000,233625
198531,10925541,2024,Addressing mental health and medication adherence among MSM in South Africa,https://reporter.nih.gov/project-details/10925541,GA,GA-05,EMORY UNIVERSITY,True,"OPERARIO, DON ",National Institute of Mental Health,PAR-23-060,R34MH135806,Non-SBIR/STTR,158304,40227
705521,10837467,2024,Know your status: A cluster randomized controlled trial comparing healer-initiated HIV counseling and testing to standard of care in rural South Africa,https://reporter.nih.gov/project-details/10837467,TN,TN-07,VANDERBILT UNIVERSITY MEDICAL CENTER,False,"AUDET, CAROLYN ",National Institute of Mental Health,PAR-23-062,R01MH135738,Non-SBIR/STTR,521630,183891
547321,10839271,2024,"Secondary distribution of HIV self-testing by FSW, pre-exposure prophylaxis (PrEP) starter packs and brief counseling to promote PrEP initiation and persistence among high-risk men in Uganda",https://reporter.nih.gov/project-details/10839271,,,MAKERERE UNIVERSITY COLLEGE OF HEALTH SCIENCES,True,"BUREGYEYA, ESTHER ",National Institute of Mental Health,PAR-23-060,R34MH132479,Non-SBIR/STTR,522333,24988
677589,10839073,2024,A Pilot Feasibility HIV prevention Study Linking  Incarcerated Women to Post-Release Pre-exposure prophylaxis (PrEP) Services,https://reporter.nih.gov/project-details/10839073,NC,,UNIV OF NORTH CAROLINA CHAPEL HILL,True,"WHITE, BECKY L",National Institute of Mental Health,PAR-23-060,R34MH130262,Non-SBIR/STTR,526273,151316
664382,11019179,2024,Optimizing mobile interventions to overcome stigma and promote HIV prevention among Thai young transgender women,https://reporter.nih.gov/project-details/11019179,MA,MA-02,UNIV OF MASSACHUSETTS MED SCH WORCESTER,True,"WANG, BO ",National Institute of Mental Health,PAR-23-060,R34MH134682,Non-SBIR/STTR,531943,132439
780447,11014017,2024,The SUSTAIN 2 study - SUStained HIV Treatment for Adherence After Interruption in Care,https://reporter.nih.gov/project-details/11014017,MA,MA-07,BRIGHAM AND WOMEN'S HOSPITAL,False,"KATZ, INGRID T.",National Institute of Mental Health,PAR-23-062,R01MH138297,Non-SBIR/STTR,596721,183726
873570,11084839,2025,"Creating, evaluating, and sharing synthetic data for multinational HIV cohorts",https://reporter.nih.gov/project-details/11084839,TN,TN-07,VANDERBILT UNIVERSITY MEDICAL CENTER,True,"SHEPHERD, BRYAN EARL",National Institute of Mental Health,PAR-23-062,R01MH139379,Non-SBIR/STTR,556992,316578
653677,11087380,2025,Ongoing Dynamic Choice to Address HIV Treatment Interruption in Malawi (CHOICE),https://reporter.nih.gov/project-details/11087380,CA,,UNIVERSITY OF CALIFORNIA LOS ANGELES,True,"DOVEL, KATHRYN L",National Institute of Mental Health,PAR-23-062,R01MH139452,Non-SBIR/STTR,528256,125421
665225,11093664,2025,Suubi4PrEP: Improving PrEP Access and Adherence Among Adolescent Girls and Young Women in Uganda.,https://reporter.nih.gov/project-details/11093664,MO,MO-01,WASHINGTON UNIVERSITY,True,"SSEWAMALA, FRED M",National Institute of Mental Health,PAR-23-062,R01MH139471,Non-SBIR/STTR,528839,136386
777437,11085627,2025,"Improving wellbeing, HIV prevention, and intersectional stigma among multiply marginalized Chinese women in NYC",https://reporter.nih.gov/project-details/11085627,NY,NY-12,NEW YORK UNIVERSITY SCHOOL OF MEDICINE,True,"LIM, SAHNAH ",National Institute of Mental Health,PAR-23-060,R34MH136914,Non-SBIR/STTR,569954,207483
200175,11096019,2025,Adapting DBT for Persons Living with HIV/AIDS Using an Artificial Intelligence-Powered Conversational Agent,https://reporter.nih.gov/project-details/11096019,NJ,NJ-10,RUTGERS BIOMEDICAL AND HEALTH SCIENCES,True,"KOZLOV, ELISSA K",National Institute of Mental Health,PAR-23-060,R34MH134693,Non-SBIR/STTR,127500,72675
637749,11086543,2025,Prison-Based HIV Partner Notification in Indonesia,https://reporter.nih.gov/project-details/11086543,IL,IL-07,UNIVERSITY OF ILLINOIS AT CHICAGO,True,"CULBERT, GABRIEL JOHN",National Institute of Mental Health,PAR-23-062,R01MH138246,Non-SBIR/STTR,468515,169234
575665,11043448,2025,A Randomized Control Trial of Striving Towards EmPowerment and Medication Adherence (STEP-AD) among Black Women Living with HIV,https://reporter.nih.gov/project-details/11043448,FL,FL-27,UNIVERSITY OF MIAMI CORAL GABLES,True,"DALE, SANNISHA K.",National Institute of Mental Health,PAR-23-062,R01MH135833,Non-SBIR/STTR,382502,193163
204846,11088283,2025,A self-administered PrEP Decisional Aid for dissemination with HIV self-test kits (DASH),https://reporter.nih.gov/project-details/11088283,MI,MI-06,UNIVERSITY OF MICHIGAN AT ANN ARBOR,True,"AMICO, KATHY RIVET ",National Institute of Mental Health,PAR-23-060,R34MH135799,Non-SBIR/STTR,142594,62252
669291,11085691,2025,Harnessing Data Science to Improve HIV Care Continuum Outcomes: A Hybrid Type 2 Trial Evaluating a Machine-Learning Algorithm-Based Implementation Strategy,https://reporter.nih.gov/project-details/11085691,NY,NY-12,HUNTER COLLEGE,True,"GOLUB, SARIT A",National Institute of Mental Health,PAR-23-062,R01MH136903,Non-SBIR/STTR,507058,162233
639615,11085005,2025,Adaptation and Implementation of an Evidence-Based Approach to Advance HIV Prevention and Care,https://reporter.nih.gov/project-details/11085005,CA,,UNIVERSITY OF CALIFORNIA LOS ANGELES,True,"LIN, CHUNQING ",National Institute of Mental Health,PAR-23-060,R34MH139375,Non-SBIR/STTR,490972,148643
106162,11083822,2025,Competing Revision: Adding costing activities to the Tu'Washindi Study,https://reporter.nih.gov/project-details/11083822,NC,NC-04,RESEARCH TRIANGLE INSTITUTE,True,"ROBERTS, SARAH TYLER",National Institute of Mental Health,PAR-23-062,R01MH125671,Non-SBIR/STTR,68829,37333
232500,11057950,2024,Comparing Technological and Relational Approaches to Support Families After a Missed Well Child Visit,https://reporter.nih.gov/project-details/11057950,NC,NC-10,WAKE FOREST UNIVERSITY HEALTH SCIENCES,True,"DEBINSKI, BEATA ",National Institute on Minority Health and Health Disparities,PAR-23-111,R21MD019434,Non-SBIR/STTR,150000,82500
165000,10923676,2024,Biomarker-Guided Antimicrobial optimization to reduce complications from intra-abdominal infections,https://reporter.nih.gov/project-details/10923676,NY,NY-01,SURGICAL INFECTION SOCIETY FOUNDATION FOR EDUCATION AND RESEARCH,True,"SAWYER, ROBERT G",National Institute of Allergy and Infectious Diseases,PAR-23-206,R34AI178842,Non-SBIR/STTR,150000,15000
250709,10988796,2024,Advancing help-seeking and recovery measures for sexual and gender minority survivors of gender-based violence,https://reporter.nih.gov/project-details/10988796,PA,PA-02,TEMPLE UNIV OF THE COMMONWEALTH,False,"SINKO, LAURA MARIE",National Institute on Minority Health and Health Disparities,PAR-23-111,R21MD019089,Non-SBIR/STTR,163333,87376
192500,10949665,2024,Unlocking Equity: Validating Methodologies & Evaluating Surgical Care for Incarcerated Individuals,https://reporter.nih.gov/project-details/10949665,NY,NY-25,UNIVERSITY OF ROCHESTER,True,"FLEMING, FERGAL J",National Institute on Minority Health and Health Disparities,PAR-23-111,R21MD019768,Non-SBIR/STTR,125000,67500
200028,10870763,2024,Adapting the Veggie Van mobile market intervention to address disparities in nutrition security among college students,https://reporter.nih.gov/project-details/10870763,NY,NY-26,STATE UNIVERSITY OF NEW YORK AT BUFFALO,False,"LEONE, LUCIA A",National Institute on Minority Health and Health Disparities,PAR-23-111,R21MD019367,Non-SBIR/STTR,125000,75028
196875,10947101,2024,COVID-19 Vaccine Coverage and General Vaccine Hesitancy in Rural Areas in the United States,https://reporter.nih.gov/project-details/10947101,OH,OH-03,OHIO STATE UNIVERSITY,False,"REITER, PAUL L",National Institute on Minority Health and Health Disparities,PAR-23-111,R21MD019764,Non-SBIR/STTR,125000,71875
246000,10952677,2024,"Responding to Community Trauma: A Feasibility and Effectiveness Study of An Interdisciplinary Anti-Racist, Structurally Competent, and Culturally Responsive Assessment Model",https://reporter.nih.gov/project-details/10952677,IL,IL-01,UNIVERSITY OF CHICAGO,True,"DINIZULU, SONYA J",National Institute on Minority Health and Health Disparities,PAR-23-111,R21MD019785,Non-SBIR/STTR,150000,96000
215546,11039111,2024,Equity Implications of Lung Cancer Screening Strategies for Population Health: a Distributional Cost-Effectiveness Analysis,https://reporter.nih.gov/project-details/11039111,NC,NC-10,WAKE FOREST UNIVERSITY HEALTH SCIENCES,True,"LIN, MENG-YUN ",National Institute on Minority Health and Health Disparities,PAR-23-111,R21MD020158,Non-SBIR/STTR,145525,70021
212928,10867700,2024,Investigating the Effect of Synthetic Medical Images on Fairness in Medical Deep Learning Research,https://reporter.nih.gov/project-details/10867700,MN,MN-01,MAYO CLINIC ROCHESTER,True,"KHOSRAVI, BARDIA ",National Institute on Minority Health and Health Disparities,PAR-23-111,R21MD019360,Non-SBIR/STTR,150000,62928
205000,10988332,2024,"Early onset colorectal cancer: from symptoms to treatment in a large, safety-net cohort",https://reporter.nih.gov/project-details/10988332,TX,TX-30,UT SOUTHWESTERN MEDICAL CENTER,False,"HUGHES, AMY E",National Institute on Minority Health and Health Disparities,PAR-23-111,R21MD019369,Non-SBIR/STTR,125000,80000
269438,10951379,2024,The Roles of Parental Mental Health and Help-Seeking: Utilizing a Family Systems Approach to Upstream Suicide Prevention for Sexual Minority Youth,https://reporter.nih.gov/project-details/10951379,CA,CA-37,UNIVERSITY OF SOUTHERN CALIFORNIA,False,"BLOSNICH, JOHN RUDOLPH",National Institute on Minority Health and Health Disparities,PAR-23-111,R21MD019829,Non-SBIR/STTR,178726,90712
200625,10993878,2024,Association of DNA Methylation and Stress in Immigrants,https://reporter.nih.gov/project-details/10993878,OH,OH-01,CINCINNATI CHILDRENS HOSP MED CTR,True,"MERSHA, TESFAYE B.",National Institute on Minority Health and Health Disparities,PAR-23-111,R21MD019192,Non-SBIR/STTR,125000,75625
192153,10997827,2024,Community-derived Multilevel-Multicomponent Nutrition Intervention to Reduce Food Access Disparities -FRESH-EATS,https://reporter.nih.gov/project-details/10997827,FL,FL-15,UNIVERSITY OF SOUTH FLORIDA,True,"GRAY, HEEWON L.",National Institute on Minority Health and Health Disparities,PAR-23-111,R21MD019963,Non-SBIR/STTR,138343,53810
743698,10924557,2024,"Interleukin-6 signaling, lung injury, and post-TB lung disease in TB-HIV",https://reporter.nih.gov/project-details/10924557,MA,MA-07,BOSTON UNIVERSITY MEDICAL CAMPUS,True,"GUPTE, AKSHAY NITIN",National Institute of Allergy and Infectious Diseases,PAR-23-148,R01AI184179,Non-SBIR/STTR,529089,214609
258329,10870429,2024,Racial and Ethnic Differences in Emergency Medical Services Interventions for Out-of-Hospital Cardiac Arrest,https://reporter.nih.gov/project-details/10870429,PA,PA-12,UNIVERSITY OF PITTSBURGH AT PITTSBURGH,False,"OKUBO, MASASHI ",National Institute on Minority Health and Health Disparities,PAR-23-111,R21MD019370,Non-SBIR/STTR,162471,95858
234750,11055663,2024,Developing and Pilot Testing a Mental Health Support Intervention for Ethiopian and Eritrean Youth,https://reporter.nih.gov/project-details/11055663,GA,GA-05,EMORY UNIVERSITY,True,"HUSSEN, SOPHIA A.",National Institute on Minority Health and Health Disparities,PAR-23-111,R21MD019304,Non-SBIR/STTR,150000,84750
231000,11057928,2024,Hispanic Firearm Suicide Decedents: Identifying Circumstances and Typologies with National Violent Death Reporting System Data,https://reporter.nih.gov/project-details/11057928,UT,UT-01,UNIVERSITY OF UTAH,True,"GOLDSTEIN, EVAN VICTOR",National Institute on Minority Health and Health Disparities,PAR-23-111,R21MD019447,Non-SBIR/STTR,150000,81000
237613,10988715,2024,How Do OpenNotes Policies Affect Healthcare Disparities? A Computational Approach,https://reporter.nih.gov/project-details/10988715,MD,MD-07,JOHNS HOPKINS UNIVERSITY,True,"ZIRIKLY, AYAH ",National Institute on Minority Health and Health Disparities,PAR-23-111,R21MD019870,Non-SBIR/STTR,150000,87613
216230,10986186,2024,Developing and Testing a Video-feedback Intervention to Promote Racial-Ethnic Socialization Competency in Latino/a/x Families,https://reporter.nih.gov/project-details/10986186,PA,PA-15,"PENNSYLVANIA STATE UNIVERSITY, THE",False,"GALN, CHARDE A.",National Institute on Minority Health and Health Disparities,PAR-23-111,R21MD018693,Non-SBIR/STTR,134891,81339
217821,10888508,2024,Visitation-based obesogenic environment measurement: A novel instrument using Big Data approach,https://reporter.nih.gov/project-details/10888508,PA,PA-15,"PENNSYLVANIA STATE UNIVERSITY, THE",False,"LI, ZHENLONG ",National Institute on Minority Health and Health Disparities,PAR-23-111,R21MD018666,Non-SBIR/STTR,176069,41752
243880,10870790,2024,Epidemiology and Biosocial risk factors for adverse outcomes of COVID-19 in people with sickle cell disease : Analyses of national COVID surveillance registry,https://reporter.nih.gov/project-details/10870790,IA,IA-01,UNIVERSITY OF IOWA,False,"SHARATHKUMAR, ANJALI ALATKAR",National Institute on Minority Health and Health Disparities,PAR-23-111,R21MD019336,Non-SBIR/STTR,156836,87044
257268,10871319,2024,Adapting and testing a physical activity dyad intervention for Black girls with asthma and their mothers,https://reporter.nih.gov/project-details/10871319,IL,IL-01,UNIVERSITY OF CHICAGO,False,"VOLERMAN, ANNA ",National Institute on Minority Health and Health Disparities,PAR-23-111,R21MD019333,Non-SBIR/STTR,156871,100397
241500,10870551,2024,Investigating Racial/Ethnic Disparities in Hypertensive Disorders in Pregnancy in the US,https://reporter.nih.gov/project-details/10870551,NC,NC-04,DUKE UNIVERSITY,True,"OGBUOJI, OSONDU ",National Institute on Minority Health and Health Disparities,PAR-23-111,R21MD019391,Non-SBIR/STTR,150000,91500
231000,10869332,2024,Mitochondrial DNA in extracellular vesicles for early detection and recurrence prediction in triple negative breast cancer racial disparity,https://reporter.nih.gov/project-details/10869332,AL,,UNIVERSITY OF SOUTH ALABAMA,False,"DASGUPTA, SANTANU ",National Institute on Minority Health and Health Disparities,PAR-23-111,R21MD019400,Non-SBIR/STTR,150000,81000
230250,10871584,2024,Acculturative stress and pro-inflammatory markers among Mexican-Origin adults with NAFLD,https://reporter.nih.gov/project-details/10871584,AZ,AZ-07,UNIVERSITY OF ARIZONA,True,"GARCIA, DAVID O.",National Institute on Minority Health and Health Disparities,PAR-23-111,R21MD019331,Non-SBIR/STTR,150000,80250
235500,10924368,2024,A Mixed-Methods Study of the Social Ecological and Integration Factors Associated with HIV Prevention Behaviors Among Latino/x Sexual Minority Migrant Men in the U.S.,https://reporter.nih.gov/project-details/10924368,NJ,NJ-06,"RUTGERS, THE STATE UNIV OF N.J.",False,"ALESSI, EDWARD J",National Institute on Minority Health and Health Disparities,PAR-23-111,R21MD019227,Non-SBIR/STTR,150000,85500
244320,11057773,2024,Liver Transplant-Community Access for Referral Equity (LT-CARE) Pilot Study,https://reporter.nih.gov/project-details/11057773,IN,IN-07,INDIANA UNIVERSITY INDIANAPOLIS,True,"NEPHEW, LAUREN ",National Institute on Minority Health and Health Disparities,PAR-23-111,R21MD020222,Non-SBIR/STTR,154145,90175
223500,11057869,2024,Evaluating culturally appropriate anti-smoking messages for high-risk Asian ethnic subgroups,https://reporter.nih.gov/project-details/11057869,SC,SC-06,UNIVERSITY OF SOUTH CAROLINA AT COLUMBIA,True,"KIM, MINJI ",National Institute on Minority Health and Health Disparities,PAR-23-111,R21MD019080,Non-SBIR/STTR,150000,73500
216772,11057000,2024,Ecological momentary assessment of daily minority stressors and cannabis and tobacco co-use among sexual minority young adults,https://reporter.nih.gov/project-details/11057000,OK,OK-05,UNIVERSITY OF OKLAHOMA HLTH SCIENCES CTR,False,"COHN, AMY M",National Institute on Minority Health and Health Disparities,PAR-23-111,R21MD019345,Non-SBIR/STTR,151589,65183
228000,11038801,2024,Leveraging COVID-19 Insights to Develop Novel Behavior-Informed Multi-Task Machine Learning Frameworks for Targeted Public Health Interventions in Rural America,https://reporter.nih.gov/project-details/11038801,WV,WV-02,WEST VIRGINIA UNIVERSITY,False,"PRICE, BRADLEY ",National Institute on Minority Health and Health Disparities,PAR-23-111,R21MD020187,Non-SBIR/STTR,150000,78000
196250,11124106,2025,A Mixed-Methods Study of the Social Ecological and Integration Factors Associated with HIV Prevention Behaviors Among Latino/x Sexual Minority Migrant Men in the U.S.,https://reporter.nih.gov/project-details/11124106,NJ,NJ-06,"RUTGERS, THE STATE UNIV OF N.J.",True,"ALESSI, EDWARD J",National Institute on Minority Health and Health Disparities,PAR-23-111,R21MD019227,Non-SBIR/STTR,125000,71250
210141,11124148,2025,Racial and Ethnic Differences in Emergency Medical Services Interventions for Out-of-Hospital Cardiac Arrest,https://reporter.nih.gov/project-details/11124148,PA,PA-12,UNIVERSITY OF PITTSBURGH AT PITTSBURGH,True,"OKUBO, MASASHI ",National Institute on Minority Health and Health Disparities,PAR-23-111,R21MD019370,Non-SBIR/STTR,137463,72678
181835,11098655,2025,Epidemiology and Biosocial risk factors for adverse outcomes of COVID-19 in people with sickle cell disease : Analyses of national COVID surveillance registry,https://reporter.nih.gov/project-details/11098655,IA,IA-01,UNIVERSITY OF IOWA,True,"SHARATHKUMAR, ANJALI ALATKAR",National Institute on Minority Health and Health Disparities,PAR-23-111,R21MD019336,Non-SBIR/STTR,118652,63183
181571,11134423,2025,Visitation-based obesogenic environment measurement: A novel instrument using Big Data approach,https://reporter.nih.gov/project-details/11134423,PA,PA-15,"PENNSYLVANIA STATE UNIVERSITY, THE",True,"LI, ZHENLONG ",National Institute on Minority Health and Health Disparities,PAR-23-111,R21MD018666,Non-SBIR/STTR,143382,38189
192500,11138445,2025,Mitochondrial DNA in extracellular vesicles for early detection and recurrence prediction in triple negative breast cancer racial disparity,https://reporter.nih.gov/project-details/11138445,AL,,UNIVERSITY OF SOUTH ALABAMA,True,"DASGUPTA, SANTANU ",National Institute on Minority Health and Health Disparities,PAR-23-111,R21MD019400,Non-SBIR/STTR,125000,67500
246000,11174380,2025,"Early onset colorectal cancer: from symptoms to treatment in a large, safety-net cohort",https://reporter.nih.gov/project-details/11174380,TX,TX-30,UT SOUTHWESTERN MEDICAL CENTER,True,"HUGHES, AMY E",National Institute on Minority Health and Health Disparities,PAR-23-111,R21MD019369,Non-SBIR/STTR,150000,96000
240253,11098740,2025,Adapting the Veggie Van mobile market intervention to address disparities in nutrition security among college students,https://reporter.nih.gov/project-details/11098740,NY,NY-26,STATE UNIVERSITY OF NEW YORK AT BUFFALO,True,"LEONE, LUCIA A",National Institute on Minority Health and Health Disparities,PAR-23-111,R21MD019367,Non-SBIR/STTR,150000,90253
190000,11193534,2025,Leveraging COVID-19 Insights to Develop Novel Behavior-Informed Multi-Task Machine Learning Frameworks for Targeted Public Health Interventions in Rural America,https://reporter.nih.gov/project-details/11193534,WV,WV-02,WEST VIRGINIA UNIVERSITY,True,"PRICE, BRADLEY ",National Institute on Minority Health and Health Disparities,PAR-23-111,R21MD020187,Non-SBIR/STTR,125000,65000
208502,11092818,2025,Adapting and testing a physical activity dyad intervention for Black girls with asthma and their mothers,https://reporter.nih.gov/project-details/11092818,IL,IL-01,UNIVERSITY OF CHICAGO,True,"VOLERMAN, ANNA ",National Institute on Minority Health and Health Disparities,PAR-23-111,R21MD019333,Non-SBIR/STTR,131196,77306
