Charity,All time funding (990),All time pledged,Website,Passthrough,EIN,Tags,2024,,,,,,2023,,,,2022,,2021,,2020,2019,,2018,,2017,,2016,,2015,,2014,,2013,,2012,,2011
,,,,,,,Videos,Views,Featured,Pledged,Form 990,Status,Featured,Pledged,Form 990,Status,Pledged,Form 990,Pledged,Form 990,Form 990,Pledged,Form 990,Pledged,Form 990,Pledged,Form 990,Pledged,Form 990,Pledged,Form 990,Pledged,Form 990,Pledged,Form 990,Pledged,Form 990,Pledged
Year total,,,,,,,319,72277,23,"$2,526,605.93",$0.00,,28,"$2,094,250.90","$1,601,348.00",,"$2,001,736.06","$2,033,784.00","$1,614,648.63","$1,695,202.00","$780,096.00","$643,929.34","$833,620.00","$827,648.30","$933,231.00","$928,818.00","$1,010,846.00","$1,010,845.86","$1,090,864.00","$1,090,864.34","$984,338.00","$1,093,564.46","$890,383.00","$752,046.80","$364,500.00","$405,000.00","$74,951.95","$74,951.95"
Partners in Health,"$2,401,873.00","$3,033,847.24",https://www.pih.org/,,04-3567502,Health,,,,"$684,967.38",,guaranteed,,"$492,908.15","$492,908.00",guaranteed,"$520,519.13","$520,520.00","$429,069.79","$455,566.00","$172,048.00","$145,551.47","$199,574.00","$199,573.63",,,"$269,533.00","$269,533.28",,,"$291,724.00","$291,724.41",,,,,,
Save the Children,"$3,027,852.00","$3,659,776.85",https://www.savethechildren.org/,,06-0726487,Human rights; Children; Refugees,1,40,,"$684,967.38",,guaranteed,,"$492,908.15","$492,908.00",guaranteed,"$520,519.13","$520,520.00","$383,628.79","$410,125.00","$172,048.00","$145,551.47","$180,943.00","$180,943.15","$237,702.00","$237,652.00","$272,033.00","$272,033.28","$359,349.00","$359,349.09","$291,724.00","$291,724.41","$50,000.00","$50,000.00","$40,500.00","$40,500.00",,
American Library Association,"$36,948.00","$36,947.82",https://www.ala.org/,,36-2166947,Libraries; Education,,,,,,no fund or feat,x,"$36,947.82","$36,948.00",fund and feat,,,,,,,,,,,,,,,,,,,,,,
Animal Wonders,"$68,972.00","$106,268.17",https://www.animalwonders.org/#/,,26-3339055,Animals,1,3682,x,"$37,297.09",,fund and feat,x,"$36,947.82","$36,948.00",fund and feat,"$32,023.26","$32,024.00",,,,,,,,,,,,,,,,,,,,
Asian Americans United ,"$36,948.00","$36,947.82",https://aaunited.org/,,22-2981076,Human rights,1,151,,,,no fund or feat,x,"$36,947.82","$36,948.00",fund and feat,,,,,,,,,,,,,,,,,,,,,,
Audre Lorde Project,"$68,972.00","$106,268.17",https://alp.org/,,06-1502452,Art; LGBTQ+ rights,1,1054,x,"$37,297.09",,fund and feat,x,"$36,947.82","$36,948.00",fund and feat,"$32,023.26","$32,024.00",,,,,,,,,,,,,,,,,,,,
Camp Lilac,"$36,948.00","$74,244.91",https://www.camplilac.org/,GenderSphere,82-0712841,LGBTQ+ rights; Children,2,626,,"$37,297.09",,fund not feat,x,"$36,947.82","$36,948.00",fund and feat,,,,,,,,,,,,,,,,,,,,,,
Center for Reproductive Rights,"$36,948.00","$36,947.82",https://reproductiverights.org/,,13-3669731,Human rights,,,,,,no fund or feat,x,"$36,947.82","$36,948.00",fund and feat,,,,,,,,,,,,,,,,,,,,,,
Earthjustice,"$174,393.00","$208,899.13",https://earthjustice.org/,,94-1730465,Environment; Policy,1,2787,x,"$37,297.09",,fund and feat,x,"$36,947.82","$36,948.00",fund and feat,"$32,023.26","$32,024.00","$27,653.45","$27,654.00","$17,440.00","$14,701.10","$18,631.00","$18,630.48","$19,768.00","$19,718.00","$21,928.00","$21,927.93",,,,,,,,,,
Ecology Project International,"$114,066.00","$133,921.62",https://www.ecologyproject.org/,,91-2163952,Environment,19,1181,,"$37,297.09",,fund not feat,,"$36,947.82","$36,948.00",fund not feat,"$32,023.26","$32,024.00","$27,653.45","$27,654.00","$17,440.00",,,,,,,,,,,,,,,,,
Fandom Forward,"$351,145.78","$385,651.98",https://fandomforward.org/,,20-8045792,Community organizing,4,529,,"$37,297.09",,fund not feat,,"$36,947.82","$36,948.00",fund not feat,"$32,023.26","$32,024.00","$27,653.45","$27,654.00","$17,440.00","$14,701.10","$18,631.00","$18,630.48","$19,768.00","$19,718.00","$25,000.00","$25,000.00","$25,000.00","$25,000.00","$25,000.00","$25,000.00","$50,000.00","$50,000.00","$40,500.00","$40,500.00",33180.78,33180.78
Good Food Institute,"$157,697.00","$154,956.11",https://gfi.org/,,81-0840578,Education,7,683,,,,no fund or feat,,"$36,947.82","$36,948.00",fund not feat,"$32,023.26","$32,024.00","$27,653.45","$27,654.00","$17,440.00","$14,701.10","$18,631.00","$18,630.48",,,"$25,000.00","$25,000.00",,,,,,,,,,
Habibi.Works,"$36,948.00","$112,593.39",https://habibi.works/,CAF America/Greece distributed grants,ΓΕΜΗ: 164727629000,Art; Refugees; Human services,13,3705,,"$37,297.09",,fund not feat,x,"$36,947.82","$36,948.00",fund and feat,,,,,,,,"$18,630.48",,"$19,718.00",,,,,,,,,,,,
Hear Your Song,"$36,948.00","$74,244.91",https://www.hearyoursong.org/,,85-3483842,Human services,14,1374,,"$37,297.09",,fund not feat,,"$36,947.82","$36,948.00",fund not feat,,,,,,,,,,,,,,,,,,,,,,
Legacy Youth Leadership,"$68,972.00","$68,971.08",https://legacyyouthleadership.org/,,81-2177352,Youth services,16,984,,,,no fund or feat,,"$36,947.82","$36,948.00",fund not feat,"$32,023.26","$32,024.00",,,,,,,,,,,,,,,,,,,,
Mermaids UK ,"$68,972.00","$106,268.17",https://mermaidsuk.org.uk/,UK distributed funds,CE002708 (UK),LGBTQ+ rights,1,1121,x,"$37,297.09",,fund and feat,x,"$36,947.82","$36,948.00",fund and feat,"$32,023.26","$32,024.00",,,,,,,,,,,,,,,,,,,,
Nanowrimo,"$227,465.00","$224,674.11",https://nanowrimo.org/,,65-1282653,Art,,,,,,no fund or feat,x,"$36,947.82","$36,948.00",fund and feat,"$32,023.26","$32,024.00","$27,653.45","$27,654.00","$17,440.00","$14,701.10","$18,631.00","$18,630.48","$19,768.00","$19,718.00","$25,000.00","$25,000.00","$25,000.00","$25,000.00","$25,000.00","$25,000.00",,,,,,
National Center For Transgender Equality,"$68,972.00","$68,971.08",https://transequality.org/,,41-2090291,LGBTQ+ rights,,,,,,no fund or feat,x,"$36,947.82","$36,948.00",fund and feat,"$32,023.26","$32,024.00",,,,,,,,,,,,,,,,,,,,
No Means No Worldwide,"$68,972.00","$68,971.08",https://www.nomeansnoworldwide.org/,,46-4183160,Sexual violence; Women's rights; Human rights,1,357,,,,no fund or feat,,"$36,947.82","$36,948.00",fund not feat,"$32,023.26","$32,024.00",,,,,,,,,,,,,,,,,,,,
Not Forgotten,"$305,164.00","$340,131.28",https://www.notforgotten.org/,,26-0734351,Children; Poverty,,,,"$37,758.47",,guaranteed,,"$36,947.82","$36,948.00",fund not feat,"$32,023.26","$32,024.00","$27,653.45","$27,654.00","$17,440.00","$14,701.10","$18,631.00","$18,630.48","$19,768.00","$19,718.00","$21,928.00","$21,927.93","$15,271.00","$15,270.77","$25,000.00","$25,000.00","$50,000.00","$50,000.00","$40,500.00","$40,500.00",,
Other People Fund,"$36,948.00","$36,947.82",https://www.otherpeoplefund.com/,Support for the Psyche Inc,86-2381424,Mental health,1,629,x,,,feat not fund,x,"$36,947.82","$36,948.00",fund and feat,,,,,,,,,,,,,,,,,,,,,,
Prison Book Program,"$114,066.00","$148,622.72",https://prisonbookprogram.org/,,20-3235673,Libraries; Education; Incarceration,4,2170,x,"$37,297.09",,fund and feat,,"$36,947.82","$36,948.00",fund not feat,"$32,023.26","$32,024.00","$27,653.45","$27,654.00","$17,440.00","$14,701.10",,,,,,,,,,,,,,,,
Project Heal,"$36,948.00","$36,947.82",https://www.theprojectheal.org/,,22-3676800,Youth services,,,,,,no fund or feat,x,"$36,947.82","$36,948.00",fund and feat,,,,,,,,,,,,,,,,,,,,,,
She's The First,"$224,393.00","$258,899.13",https://shesthefirst.org/,,65-1321437,Women's rights,24,1480,,"$37,297.09",,fund not feat,x,"$36,947.82","$36,948.00",fund and feat,"$32,023.26","$32,024.00","$27,653.45","$27,654.00","$17,440.00","$14,701.10","$18,631.00","$18,630.48","$19,768.00","$19,718.00","$21,928.00","$21,927.93","$25,000.00","$25,000.00","$25,000.00","$25,000.00",,,,,,
Sustainability Matters,"$68,972.00","$74,244.91",https://www.sustainabilitymatters.earth/,,84-2664760,Environment,1,922,x,"$37,297.09",,fund and feat,,"$36,947.82","$36,948.00",fund not feat,,"$32,024.00",,,,,,,,,,,,,,,,,,,,
The Ocean Cleanup,"$152,465.00","$149,674.11",https://theoceancleanup.com/,,81-5132355,Environment,1,165,,,,no fund or feat,,"$36,947.82","$36,948.00",fund not feat,"$32,023.26","$32,024.00","$27,653.45","$27,654.00","$17,440.00","$14,701.10","$18,631.00","$18,630.48","$19,768.00","$19,718.00",,,,,,,,,,,,
The Trevor Project,"$139,066.00","$136,325.63",https://www.thetrevorproject.org/,,95-4681287,LGBTQ+ rights,,,,,,no fund or feat,x,"$36,947.82","$36,948.00",fund and feat,"$32,023.26","$32,024.00","$27,653.45","$27,654.00","$17,440.00","$14,701.10",,,,,"$25,000.00","$25,000.00",,,,,,,,,,
Thirst Project,"$199,811.00","$234,317.75",https://www.thirstproject.org/,,35-2339840,Water,15,1048,,"$37,297.09",,fund not feat,,"$36,947.82","$36,948.00",fund not feat,"$32,023.26","$32,024.00",,,"$17,440.00","$14,701.10","$18,631.00","$18,630.48","$19,768.00","$19,718.00",,,,,"$25,000.00","$25,000.00","$50,000.00","$50,000.00",,,,
This Star Won't Go Out,"$277,465.00","$311,971.20",https://www.tswgo.org/,,27-4235482,Health; Cancer,1,1474,x,"$37,297.09",,fund and feat,x,"$36,947.82","$36,948.00",fund and feat,"$32,023.26","$32,024.00","$27,653.45","$27,654.00","$17,440.00","$14,701.10","$18,631.00","$18,630.48","$19,768.00","$19,718.00","$25,000.00","$25,000.00","$25,000.00","$25,000.00","$25,000.00","$25,000.00","$50,000.00","$50,000.00",,,,
UNHCR,"$502,910.00","$500,121.95",https://www.unhcr.org/en-us/,,52-1662800,Human rights; Refugees,,,,,,no fund or feat,,"$36,947.82","$36,948.00",fund not feat,"$32,023.26","$32,024.00","$27,653.45","$27,654.00","$17,440.00","$14,701.10",,,"$19,768.00","$19,718.00","$25,000.00","$25,000.00","$344,076.00","$344,078.32",,,,,,,,
Uplift,"$189,664.00","$186,872.81",https://uplifttogether.org/about,,47-3412289,Sexual violence; Women's rights; Human rights,,,,,,no fund or feat,,"$36,947.82","$36,948.00",fund not feat,"$32,023.26","$32,024.00","$27,653.45","$27,654.00","$17,440.00","$14,701.10","$18,631.00","$18,630.48","$19,768.00","$19,718.00","$21,928.00","$21,927.93","$15,271.00","$15,270.77",,,,,,,,
Wikimedia Foundation,"$36,948.00","$36,947.82",https://wikimediafoundation.org/,,20-0049703,Web-based media; Media democracy; Libraries,,,,,,no fund or feat,,"$36,947.82","$36,948.00",fund not feat,,,,,,,,,,,,,,,,,,,,,,
3 Bluebirds Farm,$0.00,$0.00,WWW.3BLUEBIRDSFARM.ORG,,30-0715917,Agriculture; Sustainability,1,62,,,,no fund or feat,,,,,,,,,,,,,,,,,,,,,,,,,,
A Cat's Life Rescue,$0.00,"$37,297.09",www.acatsliferescue.org,,83-1610305,Animals,1,738,,"$37,297.09",,fund not feat,,,,,,,,,,,,,,,,,,,,,,,,,,
A Moment of Magic Foundation,$0.00,$0.00,AMOMENTOFMAGIC.ORG,,81-1740360,Social services,,67,,,,no fund or feat,,,,,,,,,,,,,,,,,,,,,,,,,,
ACLU,"$21,928.00","$21,927.93",https://www.aclu.org/,,13-6213516,Human rights,,,,,,no fund or feat,,,,no fund or feat,,,,,,,,,,,"$21,928.00","$21,927.93",,,,,,,,,,
Action Against Hunger,"$25,000.00","$25,000.00",http://www.actionagainsthunger.org/,,13-3327220,Hunger,,,,,,no fund or feat,,,,no fund or feat,,,,,,,,,,,,,"$25,000.00","$25,000.00",,,,,,,,
Actors Fund,"$27,654.00","$27,653.45",https://actorsfund.org/,,13-1635251,Art; Labor,,,,,,no fund or feat,,,,no fund or feat,,,"$27,653.45","$27,654.00",,,,,,,,,,,,,,,,,,
Against Malaria Foundation,"$165,517.00","$200,023.38",https://www.againstmalaria.com/,,20-3069841,Health; Malaria,5,590,x,"$37,297.09",,fund and feat,,,,no fund or feat,"$32,023.26","$32,024.00","$27,653.45","$27,654.00","$17,440.00","$14,701.10","$18,631.00","$18,630.48","$19,768.00","$19,718.00","$25,000.00","$25,000.00","$25,000.00","$25,000.00",,,,,,,,
All Out,$0.00,$0.00,,,,,1,52,,,,no fund or feat,,,,,,,,,,,,,,,,,,,,,,,,,,
Alliance for Building Communities,$0.00,$0.00,WWW.HOUSING-ABC.ORG,,23-2041406,Housing; Community services,1,159,,,,no fund or feat,,,,,,,,,,,,,,,,,,,,,,,,,,
Alzheimer's Association,"$47,422.00","$47,371.45",https://www.alz.org/,,13-3039601,Health; Alzheimer's,,,,,,no fund or feat,,,,no fund or feat,,,"$27,653.45","$27,654.00",,,,,"$19,768.00","$19,718.00",,,,,,,,,,,,
Alzheimer's Society,$0.00,"$40,500.00",http://alzheimers.org.uk/,,31-1815826,Health; Alzheimer's,,,,,,no fund or feat,,,,no fund or feat,,,,,,,,,,,,,,,,,,,,"$40,500.00",,
American Foundation for Suicide Prevention,"$30,360.00","$30,359.56",https://www.afsp.org/,,13-3393329,Mental health,,,,,,no fund or feat,,,,no fund or feat,,,,,,,,,,,,,"$15,271.00","$15,270.77","$15,089.00","$15,088.79",,,,,,
American Humane Society,"$17,440.00","$14,701.10",https://www.americanhumane.org/,,84-0432950,Animals,,,,,,no fund or feat,,,,no fund or feat,,,,,"$17,440.00","$14,701.10",,,,,,,,,,,,,,,,
Amnesty International,$0.00,$0.00,,,,Human rights; Refugees,1,0,,,,no fund or feat,,,,,,,,,,,,,,,,,,,,,,,,,,
Animal Equality,$0.00,$0.00,,,,Animals,1,406,,,,no fund or feat,,,,,,,,,,,,,,,,,,,,,,,,,,
APOPO Herorats,"$17,440.00","$14,701.10",https://www.apopo.org/en/,,47-1389723,Health; Human rights; War; Tuberculosis,,,,,,no fund or feat,,,,no fund or feat,,,,,"$17,440.00","$14,701.10",,,,,,,,,,,,,,,,
Aquatic Life Institute,$0.00,$0.00,,,,Environment; Animals,1,123,,,,no fund or feat,,,,,,,,,,,,,,,,,,,,,,,,,,
Arbor Day Foundation,"$17,440.00","$14,701.10",https://www.arborday.org/,,23-7169265,Environment,,,,,,no fund or feat,,,,,,,,,"$17,440.00","$14,701.10",,,,,,,,,,,,,,,,
Archaeology in the Community,$0.00,$0.00,,,30-0538831,Art; Youth services; Education,1,166,,,,no fund or feat,,,,,,,,,,,,,,,,,,,,,,,,,,
Artists Open Studio,$0.00,$0.00,,,20-4012059,Art,,,,,,no fund or feat,x,,,feat not fund,,,,,,,,,,,,,,,,,,,,,,
ASISTA Immigration Assistance,$0.00,$0.00,WWW.ASISTAHELP.ORG,,26-3233209,Immigration; Human rights,1,166,,,,no fund or feat,,,,,,,,,,,,,,,,,,,,,,,,,,
Associação Auxílio e Amizade (Aid & Friendship Association),"$32,024.00","$32,023.26",https://auxilioeamizade.pt/,,NIPC 505850117,,1,413,,,,no fund or feat,x,,,feat not fund,"$32,023.26","$32,024.00",,,,,,,,,,,,,,,,,,,,
Astor Services,$0.00,$0.00,WWW.ASTORSERVICES.ORG,,14-1397918,Children; Education,1,,,,,no fund or feat,,,,,,,,,,,,,,,,,,,,,,,,,,
Bail Project,$0.00,"$37,297.09",WWW.BAILPROJECT.ORG,,81-4985512,Incarceration; Human rights,1,117,,"$37,297.09",,fund not feat,,,,,,,,,,,,,,,,,,,,,,,,,,
Be The Change Youth Initiative,$0.00,$0.00,,,85-1730074,Youth organizing,1,78,,,,no fund or feat,,,,,,,,,,,,,,,,,,,,,,,,,,
Beyond Blue,$0.00,$0.00,,,,,1,68,,,,no fund or feat,,,,,,,,,,,,,,,,,,,,,,,,,,
Books for Africa,"$15,089.00","$15,088.79",https://www.booksforafrica.org/,,41-1627391,Education,,,,,,no fund or feat,,,,no fund or feat,,,,,,,,,,,,,,,"$15,089.00","$15,088.79",,,,,,
Brooklyn Movement Center,"$27,654.00","$27,653.45",http://brooklynmovementcenter.org/,Fund for City of New York,13-2612524,Art; Community services,,,,,,no fund or feat,,,,no fund or feat,,,"$27,653.45","$27,654.00",,,,,,,,,,,,,,,,,,
CAF America,"$261,859.00",$0.00,,,43-1634280,,,,,,,no fund or feat,,,,,,,,"$27,545.00",,,"$80,484.00",,"$42,699.00",,"$25,000.00",,"$30,542.00",,"$15,089.00",,,,"$40,500.00",,,
Cage to Couch,$0.00,$0.00,,,,,1,199,,,,no fund or feat,,,,,,,,,,,,,,,,,,,,,,,,,,
Cake4Kids,$0.00,$0.00,,,,,1,1047,,,,no fund or feat,,,,,,,,,,,,,,,,,,,,,,,,,,
California Native Garden Foundation,$0.00,"$37,297.09",https://cngf.org,,72-1562616,Agriculture; Education; Environment,1,678,x,"$37,297.09",,fund and feat,,,,no fund or feat,,,,,,,,,,,,,,,,,,,,,,
Calling All Crows,$0.00,$0.00,,,,,1,119,,,,no fund or feat,,,,,,,,,,,,,,,,,,,,,,,,,,
Camp Fatima of New Jersey,$0.00,$0.00,,,,,,,,,,no fund or feat,x,,,feat not fund,,,,,,,,,,,,,,,,,,,,,,
Campaign Against Living Miserably,$0.00,"$37,297.09",,,,Mental health,3,1588,x,"$37,297.09",,fund and feat,,,,no fund or feat,,,,,,,,,,,,,,,,,,,,,,
"Carabiner Collections, Inc.",$0.00,"$37,297.09",,,93-4688929,Libraries; Education,1,1055,x,"$37,297.09",,fund and feat,,,,no fund or feat,,,,,,,,,,,,,,,,,,,,,,
Carolina Manga Library,$0.00,$0.00,,,,,1,178,,,,no fund or feat,,,,,,,,,,,,,,,,,,,,,,,,,,
Carymoor Environmental Trust,$0.00,$0.00,,,,,1,286,,,,no fund or feat,,,,,,,,,,,,,,,,,,,,,,,,,,
CASA Project Worcester County,$0.00,$0.00,,,,,1,133,,,,no fund or feat,,,,,,,,,,,,,,,,,,,,,,,,,,
Catholic Migration Services,$0.00,$0.00,,,,,1,61,,,,no fund or feat,,,,,,,,,,,,,,,,,,,,,,,,,,
Center for Constitutional Rights,$0.00,$0.00,,,,,1,0,,,,no fund or feat,,,,,,,,,,,,,,,,,,,,,,,,,,
Charity Elections,$0.00,$0.00,,,,,1,45,,,,no fund or feat,,,,,,,,,,,,,,,,,,,,,,,,,,
charity:water,$0.00,"$15,270.77",https://charitywater.org/,,22-3936753,Water,,,,,,no fund or feat,,,,no fund or feat,,,,,,,,,,,,,,"$15,270.77",,,,,,,,
Child's Play,"$50,000.00","$50,000.00",http://www.childsplaycharity.org/,,20-3584556,Human services,,,,,,no fund or feat,,,,,,,,,,,,,,,,,,,,,"$50,000.00","$50,000.00",,,,
Children's Future International ,$0.00,"$37,297.09",WWW.CHILDRENSFUTURE.ORG,,26-1761651,Social services,1,586,x,"$37,297.09",,fund and feat,,,,no fund or feat,,,,,,,,,,,,,,,,,,,,,,
Clean Air Task Force,"$45,094.00","$42,354.55",https://www.catf.us/,,04-3512550,Climate,,,,,,no fund or feat,,,,no fund or feat,,,"$27,653.45","$27,654.00","$17,440.00","$14,701.10",,,,,,,,,,,,,,,,
Clean Oceans Action,$0.00,$0.00,,,,,1,151,,,,no fund or feat,,,,,,,,,,,,,,,,,,,,,,,,,,
CoachBright Charitable Trust,$0.00,$0.00,,,,,1,31,,,,no fund or feat,,,,,,,,,,,,,,,,,,,,,,,,,,
Conservation International,$0.00,$0.00,,,,,1,220,,,,no fund or feat,,,,,,,,,,,,,,,,,,,,,,,,,,
Creative Commons,$0.00,$0.00,,,,,1,439,,,,no fund or feat,,,,,,,,,,,,,,,,,,,,,,,,,,
Crisis Text Line,"$17,440.00","$14,701.10",https://www.crisistextline.org/,,46-5039599,Mental health,,,,,,no fund or feat,,,,no fund or feat,,,,,"$17,440.00","$14,701.10",,,,,,,,,,,,,,,,
Cure Alzheimer's Fund,$0.00,$0.00,,,,,1,67,,,,no fund or feat,x,,,feat not fund,,,,,,,,,,,,,,,,,,,,,,
Days for Girls International,"$25,000.00","$25,000.00",http://www.daysforgirls.org/,,45-3934671,Women's rights; Health; Youth services,,,,,,no fund or feat,,,,no fund or feat,,,,,,,,,,,,,,,"$25,000.00","$25,000.00",,,,,,
Denver Public Library Friends Foundation,$0.00,$0.00,,,,Libraries,1,64,,,,no fund or feat,,,,,,,,,,,,,,,,,,,,,,,,,,
dewindroos,$0.00,$0.00,,,,,1,56,,,,no fund or feat,,,,,,,,,,,,,,,,,,,,,,,,,,
Dinosuars Will Always be Awesome,$0.00,$0.00,,,,,,,,,,no fund or feat,x,,,feat not fund,,,,,,,,,,,,,,,,,,,,,,
Direct Relief,"$15,271.00","$15,270.77",https://www.directrelief.org/,,95-1831116,Health; Disaster relief,,,,,,no fund or feat,,,,no fund or feat,,,,,,,,,,,,,"$15,271.00","$15,270.77",,,,,,,,
Disability Policy Consortium,$0.00,$0.00,,,,,1,109,,,,no fund or feat,,,,,,,,,,,,,,,,,,,,,,,,,,
Disabled Children's Fund,$0.00,$0.00,,,,,1,0,,,,no fund or feat,,,,,,,,,,,,,,,,,,,,,,,,,,
Donate Life,"$15,089.00","$15,088.79",http://donatelife.net/,,54-1626038,Health,,,,,,no fund or feat,,,,no fund or feat,,,,,,,,,,,,,,,"$15,089.00","$15,088.79",,,,,,
Drag Story Hour,$0.00,"$37,297.09",dragstoryhour.org,,86-2721367,LGBTQ+ rights; Education; Children,1,622,,"$37,297.09",,fund not feat,,,,,,,,,,,,,,,,,,,,,,,,,,
Effective Thesis,$0.00,$0.00,,,,,1,47,,,,no fund or feat,,,,,,,,,,,,,,,,,,,,,,,,,,
Emory Farmworker Project,$0.00,$0.00,,,,,1,348,,,,no fund or feat,,,,,,,,,,,,,,,,,,,,,,,,,,
Empower Tennessee,$0.00,$0.00,,,,,1,154,,,,no fund or feat,,,,,,,,,,,,,,,,,,,,,,,,,,
Encouraging Women Across All Borders,$0.00,$0.00,,,,Women's rights,2,84,,,,no fund or feat,x,,,feat not fund,,,,,,,,,,,,,,,,,,,,,,
Ending Cancer in Our Generation,$0.00,$0.00,,,,Cancer,1,42,,,,no fund or feat,,,,,,,,,,,,,,,,,,,,,,,,,,
Engineers Without Borders,"$18,631.00","$18,630.48",https://www.ewb-usa.org/,,84-1589324,Agriculture; Environment; Water; Economic development,,,,,,no fund or feat,,,,no fund or feat,,,,,,,"$18,631.00","$18,630.48",,,,,,,,,,,,,,
Equal Justice Initiative,"$27,654.00","$27,653.45",https://eji.org/,,63-1135091,Incarceration; Human rights,,,,,,no fund or feat,,,,no fund or feat,,,"$27,653.45","$27,654.00",,,,,,,,,,,,,,,,,,
Equal Rights Beyond Borders,$0.00,$0.00,,,,,1,372,,,,no fund or feat,,,,,,,,,,,,,,,,,,,,,,,,,,
Everytown for Gun Safety,"$17,440.00","$14,701.10",https://everytown.org/,,26-1598353,Gun control; Policy,,,,,,no fund or feat,,,,no fund or feat,,,,,"$17,440.00","$14,701.10",,,,,,,,,,,,,,,,
Feeding America,"$52,859.00","$52,858.13",https://www.feedingamerica.org/,,36-3673599,Hunger,,,,,,no fund or feat,,,,no fund or feat,,,"$27,653.45","$27,654.00",,,,,,,,,,,,,"$25,205.00","$25,204.68",,,,
First Book,"$25,205.00","$25,204.68",http://www.firstbook.org/,,52-1779606,Education,,,,,,no fund or feat,,,,no fund or feat,,,,,,,,,,,,,,,,,"$25,205.00","$25,204.68",,,,
Fish Welfare Initiative,$0.00,$0.00,https://www.fishwelfareinitiative.org/,,85-2065536,Animals,5,583,,,,no fund or feat,,,,,,,,,,,,,,,,,,,,,,,,,,
Flint Water Fund,"$21,928.00","$21,927.93",http://www.unitedwaygenesee.org/flintwaterfund,United Way of Genesee City,38-1359516,Water; Community services,,,,,,no fund or feat,,,,no fund or feat,,,,,,,,,,,"$21,928.00","$21,927.93",,,,,,,,,,
Foster Love,$0.00,$0.00,,,,,1,121,,,,no fund or feat,,,,,,,,,,,,,,,,,,,,,,,,,,
Freedom Readers,$0.00,$0.00,,,,,1,156,,,,no fund or feat,,,,,,,,,,,,,,,,,,,,,,,,,,
Fundación Niños de los Andes,$0.00,$0.00,,,,,1,83,,,,no fund or feat,,,,,,,,,,,,,,,,,,,,,,,,,,
Fungi Foundation,$0.00,$0.00,,,,,1,189,,,,no fund or feat,,,,,,,,,,,,,,,,,,,,,,,,,,
Future Economy Collective,$0.00,$0.00,,,,,1,782,x,,,feat not fund,,,,no fund or feat,,,,,,,,,,,,,,,,,,,,,,
Gamers Outreach,$0.00,$0.00,,,,,,,,,,no fund or feat,x,,,feat not fund,,,,,,,,,,,,,,,,,,,,,,
GeekGirlCon,$0.00,$0.00,,,27-4177245,Art,1,324,x,,,feat not fund,,,,no fund or feat,,,,,,,,,,,,,,,,,,,,,,
Give Kids the World,$0.00,$0.00,,,,,1,53,,,,no fund or feat,,,,,,,,,,,,,,,,,,,,,,,,,,
GiveDirectly,"$83,493.00","$118,000.12",https://www.givedirectly.org/,,27-1661997,Economic development; Poverty,5,293,,"$37,297.09",,fund not feat,,,,no fund or feat,,,"$27,653.45","$27,654.00","$17,440.00","$14,701.10","$18,631.00","$18,630.48","$19,768.00","$19,718.00",,,,,,,,,,,,
Givewell,"$27,654.00","$27,653.45",https://www.givewell.org/maximum-impact-fund,,20-8625442,Poverty; Health,4,236,,,,no fund or feat,,,,no fund or feat,,,"$27,653.45","$27,654.00",,,,,,,,,,,,,,,,,,
Glassroots,$0.00,$0.00,,,,,1,75,,,,no fund or feat,,,,,,,,,,,,,,,,,,,,,,,,,,
Global Vision 2020,$0.00,$0.00,,,,,1,752,,,,no fund or feat,,,,,,,,,,,,,,,,,,,,,,,,,,
GLSEN,"$19,768.00","$19,718.00",https://www.glsen.org/,,04-3234202,LGBTQ+ rights,,,,,,no fund or feat,,,,no fund or feat,,,,,,,,,"$19,768.00","$19,718.00",,,,,,,,,,,,
Great Ormond Street Hospital for Children ,$0.00,"$15,270.77",http://www.gosh.org/,CAF America,,Health,,,,,,no fund or feat,,,,no fund or feat,,,,,,,,,,,,,,"$15,270.77",,,,,,,,
Heartstone Veganic Sanctuary,$0.00,$0.00,,,,,1,289,,,,no fund or feat,,,,,,,,,,,,,,,,,,,,,,,,,,
Heifer International,"$87,054.00","$87,003.74",https://web.archive.org/web/20221006153536/https://www.heifer.org/,,35-1019477,Hunger; Poverty; Economic development,,,,,,no fund or feat,,,,no fund or feat,,,,,,,"$18,631.00","$18,630.48","$19,768.00","$19,718.00","$21,928.00","$21,927.93",,,,"$26,727.33","$26,727.00",,,,,
Hispanic Federation,"$19,768.00","$19,718.00",http://hispanicfederation.org/,,13-3573852,Health; Human services,,,,,,no fund or feat,,,,no fund or feat,,,,,,,,,"$19,768.00","$19,718.00",,,,,,,,,,,,
Holy Cross Mission Center,"$29,106.00",$0.00,,,52-6044122,,,,,,,no fund or feat,,,,,,,,,,,,,,,,,,,,,"$29,106.00",,,,,
Honeoye Falls-Mendon Rotary,$0.00,$0.00,,,,,1,80,,,,no fund or feat,,,,,,,,,,,,,,,,,,,,,,,,,,
Hope Creates,$0.00,$0.00,Hopecreates.org,,82-1130017,Art; Education; Human services,1,191,,,,no fund or feat,,,,,,,,,,,,,,,,,,,,,,,,,,
Hope Haven Theraputic Riding Center,$0.00,$0.00,,,,,1,59,,,,no fund or feat,,,,,,,,,,,,,,,,,,,,,,,,,,
Instrument Shop,$0.00,"$37,297.09",,,86-2400545,Education; Art,1,706,x,"$37,297.09",,fund and feat,,,,,,,,,,,,,,,,,,,,,,,,,,
International Campaign to Abolish Nuclear Weapons,$0.00,$0.00,,,,Nuclear weapons,6,1142,,,,no fund or feat,,,,,,,,,,,,,,,,,,,,,,,,,,
it gets better project,$0.00,"$37,297.09",,,93-1532088,Human services,2,226,,"$37,297.09",,fund not feat,,,,,,,,,,,,,,,,,,,,,,,,,,
Kick it for Cancer,$0.00,$0.00,,,,Cancer,1,352,,,,no fund or feat,,,,,,,,,,,,,,,,,,,,,,,,,,
Kids In Need of Defense,$0.00,$0.00,,,,Children,1,103,,,,no fund or feat,,,,,,,,,,,,,,,,,,,,,,,,,,
Kiva,"$41,795.39","$41,795.07",https://www.kiva.org/,,71-0992446,Economic development; Poverty,,,,,,no fund or feat,,,,no fund or feat,,,,,,,,,,,,,,,,,"$25,205.00","$25,204.68",,,16590.39,16590.39
Last Mile Health,"$239,862.00","$239,861.93",http://lastmilehealth.org/,,26-1401736,Health,,,,,,no fund or feat,,,,no fund or feat,,,,,,,,,"$217,934.00","$217,934.00","$21,928.00","$21,927.93",,,,,,,,,,
"Laughing at My Nightmare, Inc.",$0.00,$0.00,WWW.LAUGHINGATMYNIGHTMARE.COM,,45-4553464,Human services,1,676,,,,no fund or feat,,,,,,,,,,,,,,,,,,,,,,,,,,
Lava Mae,"$25,000.00","$25,000.00",http://lavamae.org/,,81-0832318,Homeless services; Human services,,,,,,no fund or feat,,,,no fund or feat,,,,,,,,,,,,,"$25,000.00","$25,000.00",,,,,,,,
Liberty in North Korea,"$75,000.00","$75,000.00",http://www.libertyinnorthkorea.org/,,73-1710135,Human rights,,,,,,no fund or feat,,,,no fund or feat,,,,,,,,,,,,,"$25,000.00","$25,000.00",,,"$50,000.00","$50,000.00",,,,
Libraries without Borders,"$18,631.00","$18,630.48",https://www.librarieswithoutborders.org/,,68-0666319,Education; Libraries,,,,,,no fund or feat,,,,no fund or feat,,,,,,,"$18,631.00","$18,630.48",,,,,,,,,,,,,,
Limitless Horizons Ixil ,$0.00,$0.00,www.limitlesshorizonsixil.org,,26-4296182,Community services,1,1566,x,,,feat not fund,,,,no fund or feat,,,,,,,,,,,,,,,,,,,,,,
Literacy KC,$0.00,$0.00,,,,Libraries; Education,1,606,x,,,feat not fund,,,,no fund or feat,,,,,,,,,,,,,,,,,,,,,,
Little Shelter Animal Rescue &amp; Adoption Center,$0.00,$0.00,http://www.littleshelter.com/,,11-6000821,Animals,1,52,,,,no fund or feat,,,,,,,,,,,,,,,,,,,,,,,,,,
Love Does,"$32,024.00","$32,023.26",https://lovedoes.org/,,83-0417128,Food banks; Human rights; Education,1,4883,,,,no fund or feat,x,,,feat not fund,"$32,023.26","$32,024.00",,,,,,,,,,,,,,,,,,,,
Love146 Dayton Task Force,"$40,500.00","$40,500.00",http://146taskforce.org/,,20-1168284,Children; Human rights,,,,,,no fund or feat,,,,no fund or feat,,,,,,,,,,,,,,,,,,,"$40,500.00","$40,500.00",,
Lupus Foundation of America,$0.00,$0.00,http://www.lupus.org,,43-1131436,Health; Immune system diseases,1,22,,,,no fund or feat,,,,,,,,,,,,,,,,,,,,,,,,,,
Malala Fund,"$15,271.00","$15,270.77",https://www.malala.org/,,81-1397590,Education,,,,,,no fund or feat,,,,no fund or feat,,,,,,,,,,,,,"$15,271.00","$15,270.77",,,,,,,,
Marsha P. Johnson Institute,"$27,654.00","$27,653.45",https://marshap.org/about-mpji/,Social Good Fund,46-1323531,Hunger; Children,,,,,,no fund or feat,,,,no fund or feat,,,"$27,653.45","$27,654.00",,,,,,,,,,,,,,,,,,
MASS APPEAL INTERNATIONAL,$0.00,$0.00,,,04-3529531,Hunger; Children,1,39,,,,no fund or feat,,,,,,,,,,,,,,,,,,,,,,,,,,
Doctors Without Borders,"$87,404.00","$124,700.47",http://www.doctorswithoutborders.org/,,13-3433452,Health; Disaster relief; Tuberculosis,1,568,x,"$37,297.09",,fund and feat,,,,no fund or feat,,,,,,,,,,,"$21,928.00","$21,927.93","$15,271.00","$15,270.77","$25,000.00","$25,000.00","$25,205.00","$25,204.68",,,,
Mercy Children's Hospital,"$40,500.00","$40,500.00",http://mercyweb.org/mercy_childrens.aspx,,,Health; Children,,,,,,no fund or feat,,,,no fund or feat,,,,,,,,,,,,,,,,,,,"$40,500.00","$40,500.00",,
Mid Willamette Trans Support Network,$0.00,$0.00,,,,,1,138,,,,no fund or feat,,,,,,,,,,,,,,,,,,,,,,,,,,
MIRI,$0.00,$0.00,,,,,1,66,,,,no fund or feat,,,,,,,,,,,,,,,,,,,,,,,,,,
Motion Picture and Television Fund,$0.00,$0.00,https://www.mptf.com/,,95-1652916,Labor; Social services,1,63,,,,no fund or feat,,,,,,,,,,,,,,,,,,,,,,,,,,
My Bag My Story,$0.00,$0.00,https://mybagmystory.com,,83-2750160,Human services; Foster care,1,195,,,,no fund or feat,,,,,,,,,,,,,,,,,,,,,,,,,,
NAMI,$0.00,$0.00,http://www.nami.org,,43-1201653,Mental health,2,149,,,,no fund or feat,,,,,,,,,,,,,,,,,,,,,,,,,,
National Park Foundation,"$32,024.00","$32,023.26",https://www.nationalparks.org/,,52-1086761,Environment,,,,,,no fund or feat,,,,no fund or feat,"$32,023.26","$32,024.00",,,,,,,,,,,,,,,,,,,,
National Suicide Prevention Lifeline,"$18,630.00","$18,630.48",https://suicidepreventionlifeline.org/,Vibrant Emotional Health,13-2637308,Mental health,,,,,,no fund or feat,,,,no fund or feat,,,,,,,"$18,630.00","$18,630.48",,,,,,,,,,,,,,
NephCure Kidney International,$0.00,$0.00,http://www.nephcure.org,,38-3569922,Health; Kidney diseases,1,147,,,,no fund or feat,,,,,,,,,,,,,,,,,,,,,,,,,,
"New York State Network for Youth Success, Inc.",$0.00,$0.00,networkforyouthsuccess.org,,13-3841114,Education; Youth development,1,98,,,,no fund or feat,,,,,,,,,,,,,,,,,,,,,,,,,,
Nuclear Age Peace Foundation,$0.00,$0.00,,,95-3825265,Nuclear weapons,1,115,,,,no fund or feat,,,,,,,,,,,,,,,,,,,,,,,,,,
Ocean Conservancy,$0.00,$0.00,http://www.oceanconservancy.org,,23-7245152,Environment,1,0,,,,no fund or feat,,,,,,,,,,,,,,,,,,,,,,,,,,
Ocean Rescue Alliance International,$0.00,$0.00,https://www.oceanrescuealliance.org/,,86-3337083,Art; Education; Environment,1,196,,,,no fund or feat,,,,,,,,,,,,,,,,,,,,,,,,,,
Open Medicine Foundation,$0.00,$0.00,OMF.NGO,,26-4712664,Technology; Research; Health,1,469,,,,no fund or feat,,,,,,,,,,,,,,,,,,,,,,,,,,
Out On The Shelf,$0.00,$0.00,,,,,1,109,,,,no fund or feat,,,,,,,,,,,,,,,,,,,,,,,,,,
Outright International,$0.00,$0.00,https://www.outrightinternational.org/,,94-3139952,LGBTQ+ rights,1,79,,,,no fund or feat,,,,,,,,,,,,,,,,,,,,,,,,,,
Painted Dog Conservation,$0.00,$0.00,,,,,1,98,,,,no fund or feat,,,,,,,,,,,,,,,,,,,,,,,,,,
Pajama Program,$0.00,$0.00,http://www.pajamaprogram.org/,,02-0588068,Education; Children,1,462,x,,,feat not fund,,,,no fund or feat,,,,,,,,,,,,,,,,,,,,,,
Palestinian American Community Center,$0.00,"$37,297.09",www.paccusa.org,,46-5270907,Human services,1,550,x,"$37,297.09",,fund and feat,,,,no fund or feat,,,,,,,,,,,,,,,,,,,,,,
Palestinian Youth Movement,$0.00,$0.00,,,,Palestine,1,265,,,,no fund or feat,,,,,,,,,,,,,,,,,,,,,,,,,,
Partners for Mental Health,"$50,000.00","$50,000.00",http://www.partnersformh.ca/,,,Mental health,,,,,,no fund or feat,,,,,,,,,,,,,,,,,,,,,"$50,000.00","$50,000.00",,,,
PCHR,$0.00,$0.00,,,,,1,515,,,,no fund or feat,,,,,,,,,,,,,,,,,,,,,,,,,,
Pencils for Kids,"$50,205.00","$50,204.68",http://www.pencilsforkids.com/,,27-2324554,Education,,,,,,no fund or feat,,,,no fund or feat,,,,,,,,,,,,,,,"$25,000.00","$25,000.00","$25,205.00","$25,204.68",,,,
Planned Parenthood,"$114,862.00","$112,072.55",https://www.plannedparenthood.org/,,13-1644147,Health,,,,,,no fund or feat,,,,no fund or feat,,,"$27,653.45","$27,654.00","$17,440.00","$14,701.10",,,"$19,768.00","$19,718.00","$25,000.00","$25,000.00","$25,000.00","$25,000.00",,,,,,,,
Pragathi Charitable Trust,$0.00,$0.00,,,,,1,93,,,,no fund or feat,,,,,,,,,,,,,,,,,,,,,,,,,,
Project B.E.A.R.,$0.00,$0.00,,,45-2318910,Youth organizing,1,101,,,,no fund or feat,x,,,,,,,,,,,,,,,,,,,,,,,,,
ProVeg International,$0.00,"$37,297.09",https://proveg.org/,,46-3038496,Education; Animals; Health,7,934,,"$37,297.09",,fund not feat,,,,,,,,,,,,,,,,,,,,,,,,,,
Pumpkins Acres Rabbit Rescue,$0.00,$0.00,,,,,1,140,,,,no fund or feat,,,,,,,,,,,,,,,,,,,,,,,,,,
Quadball UK,$0.00,$0.00,,,,,1,84,,,,no fund or feat,,,,,,,,,,,,,,,,,,,,,,,,,,
Quelili,$0.00,$0.00,,,,,1,95,,,,no fund or feat,,,,,,,,,,,,,,,,,,,,,,,,,,
RAINN,"$18,631.00","$18,630.48",https://www.rainn.org/,,52-1886511,Human services; Sexual violence,,,,,,no fund or feat,,,,no fund or feat,,,,,,,"$18,631.00","$18,630.48",,,,,,,,,,,,,,
Redwood Empire Food Bank,$0.00,$0.00,http://www.refb.org/,,68-0121855,Hunger,1,86,,,,no fund or feat,,,,,,,,,,,,,,,,,,,,,,,,,,
ReFOCUS Media Labs,$0.00,$0.00,,,,,1,456,x,,,feat not fund,,,,no fund or feat,,,,,,,,,,,,,,,,,,,,,,
Refugee Council,$0.00,"$18,630.48",https://www.refugeecouncil.org.uk/,,Charity no. 1014576 Company no. 2727514,,,,,,,no fund or feat,,,,no fund or feat,,,,,,,,"$18,630.48",,,,,,,,,,,,,,
RiseBoro Community Partnership,$0.00,$0.00,WWW.RISEBORO.ORG,,11-2453853,Community services,1,308,,,,no fund or feat,,,,,,,,,,,,,,,,,,,,,,,,,,
Roger Neilson House,$0.00,$0.00,,,,,1,280,,,,no fund or feat,,,,,,,,,,,,,,,,,,,,,,,,,,
Sarcoma Foundation of America,"$82,500.00","$82,500.41",http://www.curesarcoma.org/,,52-2275294,Health; Cancer,,,,,,no fund or feat,,,,no fund or feat,,,,,,,,,,,,,,,,"$82,500.41","$82,500.00",,,,,
Seattle Humane Society,"$17,440.00","$14,701.10",https://www.seattlehumane.org/,,91-0282060,Animals,,,,,,no fund or feat,,,,no fund or feat,,,,,"$17,440.00","$14,701.10",,,,,,,,,,,,,,,,
SEDS-Canada,$0.00,$0.00,,,,,1,92,,,,no fund or feat,,,,,,,,,,,,,,,,,,,,,,,,,,
Seed,$0.00,$0.00,,,,,1,103,,,,no fund or feat,,,,,,,,,,,,,,,,,,,,,,,,,,
SENS Research Foundation,"$19,768.00","$19,718.00",http://www.sens.org/,,94-3473864,Health; Research,,,,,,no fund or feat,,,,no fund or feat,,,,,,,,,"$19,768.00","$19,718.00",,,,,,,,,,,,
"Shelter, Inc.",$0.00,$0.00,HTTPS://WWW.SHELTER-INC.ORG/,,23-7399596,Shelter; Children,1,526,,,,no fund or feat,,,,,,,,,,,,,,,,,,,,,,,,,,
Sister Garczynska's Foundation,$0.00,"$78,437.27",https://foundationgarczynska.wordpress.com/,CAF America,,,,,,,,no fund or feat,,,,no fund or feat,,,,,,,,"$18,630.48",,"$19,718.00",,"$25,000.00",,,,"$15,088.79",,,,,,
Soap Aid,$0.00,"$15,270.77",http://www.soapaid.org/,CAF America,,,,,,,,no fund or feat,,,,no fund or feat,,,,,,,,,,,,,,"$15,270.77",,,,,,,,
SOCK FIP,$0.00,$0.00,,,,,1,81,,,,no fund or feat,,,,,,,,,,,,,,,,,,,,,,,,,,
SpayNSave,$0.00,$0.00,WWW.SPAYNSAVE.ORG,,30-0693930,Animals,1,409,,,,no fund or feat,,,,,,,,,,,,,,,,,,,,,,,,,,
Spiro,$0.00,$0.00,https://www.spiro.ngo/,,27-6601178,Tuberculosis,1,74,,,,no fund or feat,,,,,,,,,,,,,,,,,,,,,,,,,,
St. Jude Children's Research Hospital,"$19,768.00","$19,718.00",https://www.stjude.org/,,62-0646012,Health; Children; Cancer,1,,,,,no fund or feat,,,,no fund or feat,,,,,,,,,"$19,768.00","$19,718.00",,,,,,,,,,,,
Stella's Circle,"$15,089.00","$15,088.79",http://www.stellaburry.ca/,Grantmaking (North America),,,,,,,,no fund or feat,,,,no fund or feat,,,,,,,,,,,,,,,"$15,089.00","$15,088.79",,,,,,
Stone Soup Cafe,$0.00,$0.00,www.thestonesoupcafe.org,,84-3664286,Workforce development,1,247,,,,no fund or feat,,,,,,,,,,,,,,,,,,,,,,,,,,
strongminds,$0.00,$0.00,WWW.STRONGMINDS.ORG,,46-2090059,Mental health,1,47,,,,no fund or feat,,,,,,,,,,,,,,,,,,,,,,,,,,
Survival International,$0.00,$0.00,HTTPS://WWW.SURVIVALINTERNATIONAL.ORG/,,26-3208869,Human rights,1,267,,,,no fund or feat,,,,,,,,,,,,,,,,,,,,,,,,,,
Suubi Teen MOPS Uganda,$0.00,$0.00,,,,,1,482,,,,no fund or feat,,,,,,,,,,,,,,,,,,,,,,,,,,
Swasthya Swaraj,$0.00,$0.00,,,,,1,40,,,,no fund or feat,,,,,,,,,,,,,,,,,,,,,,,,,,
TECHO,"$90,500.00","$90,500.00",http://www.techo.org/en,,27-1479398,,,,,,,no fund or feat,,,,no fund or feat,,,,,,,,,,,,,,,,,"$50,000.00","$50,000.00","$40,500.00","$40,500.00",,
Texas 4000 for Cancer,$0.00,$0.00,WWW.TEXAS4000.ORG,,20-0371876,Cancer; Health,1,241,,,,no fund or feat,,,,,,,,,,,,,,,,,,,,,,,,,,
The American Red Cross,$0.00,$0.00,http://www.redcross.org,,53-0196605,Health; International development; Disaster relief,1,54,,,,no fund or feat,,,,,,,,,,,,,,,,,,,,,,,,,,
The Being Together Foundation ,$0.00,"$18,630.48",http://www.fundacjabycrazem.pl/,CAF America,,,,,,,,no fund or feat,,,,no fund or feat,,,,,,,,"$18,630.48",,,,,,,,,,,,,,
The Book Truck,"$15,089.00","$15,088.79",http://www.thebooktruck.org/,,45-3025073,Education,,,,,,no fund or feat,,,,no fund or feat,,,,,,,,,,,,,,,"$15,089.00","$15,088.79",,,,,,
The Crime Connection Incorporated,$0.00,$0.00,,,92-1847666,Health,1,37,,,,no fund or feat,,,,,,,,,,,,,,,,,,,,,,,,,,
The Foundation to Decrease World Suck,$0.00,$0.00,,,,,1,4293,,,,no fund or feat,,,,,,,,,,,,,,,,,,,,,,,,,,
The Humane League ,"$59,678.00","$59,676.71",https://thehumaneleague.org/,,04-3817491,Animals,16,1241,,,,no fund or feat,x,,,feat not fund,"$32,023.26","$32,024.00","$27,653.45","$27,654.00",,,,,,,,,,,,,,,,,,
The Humane Society of New York,$0.00,$0.00,http://www.humanesocietyny.org/,,13-1624041,Animals,1,58,,,,no fund or feat,,,,,,,,,,,,,,,,,,,,,,,,,,
The J.E.D. Foundation,$0.00,$0.00,http://jedfoundation.org,,13-4131139,Mental health,1,74,,,,no fund or feat,,,,,,,,,,,,,,,,,,,,,,,,,,
The Office of Letters and Light,"$65,705.00","$65,704.68",http://lettersandlight.org/,,65-1282653,Art,,,,,,no fund or feat,,,,no fund or feat,,,,,,,,,,,,,,,,,"$25,205.00","$25,204.68","$40,500.00","$40,500.00",,
The Pet Fund,$0.00,$0.00,,,20-0232792,Animals,1,192,,,,no fund or feat,,,,,,,,,,,,,,,,,,,,,,,,,,
The Prison Phoenix Trust,$0.00,$0.00,,,,Incarceration,1,296,,,,no fund or feat,,,,,,,,,,,,,,,,,,,,,,,,,,
The Resilient Activist,$0.00,$0.00,www.theresilientactivist.org,,82-4982519,Mental health; Environment,1,235,,,,no fund or feat,,,,,,,,,,,,,,,,,,,,,,,,,,
The Sound of Hope,"$15,089.00","$15,088.79",http://thesoundofhope.org/,,27-2807823,Disaster relief,,,,,,no fund or feat,,,,no fund or feat,,,,,,,,,,,,,,,"$15,089.00","$15,088.79",,,,,,
The Starfish Foundation,$0.00,$0.00,,,,,,,,,,no fund or feat,x,,,feat not fund,,,,,,,,,,,,,,,,,,,,,,
The STIM Project,$0.00,$0.00,,,93-2071935,Autism,1,166,,,,no fund or feat,,,,,,,,,,,,,,,,,,,,,,,,,,
Therapies Unite,$0.00,$0.00,,,,,2,275,,,,no fund or feat,,,,,,,,,,,,,,,,,,,,,,,,,,
Thrive Youth Center,$0.00,"$37,297.09",WWW.THRIVEYOUTHCENTER.ORG,,47-1528452,Youth services,1,536,x,"$37,297.09",,fund and feat,,,,no fund or feat,,,,,,,,,,,,,,,,,,,,,,
To Write Love on Her Arms,"$40,294.00","$40,293.47",http://twloha.com/,,26-0789229,Human rights; Mental health,,,,,,no fund or feat,,,,no fund or feat,,,,,,,,,,,,,,,"$15,089.00","$15,088.79","$25,205.00","$25,204.68",,,,
Trans Lifeline,"$27,654.00",$0.00,www.translifeline.org,,47-2097494,LGBTQ+ rights,,,,,,no fund or feat,,,,,,,,"$27,654.00",,,,,,,,,,,,,,,,,,
TransActual,$0.00,$0.00,,,,,1,204,,,,no fund or feat,,,,,,,,,,,,,,,,,,,,,,,,,,
TravlerPack,$0.00,$0.00,,,88-3734431,Human services,1,298,,,,no fund or feat,,,,,,,,,,,,,,,,,,,,,,,,,,
Trees for the Future,"$59,678.00","$59,676.71",https://trees.org/,,52-1644869,Environment,,,,,,no fund or feat,,,,no fund or feat,"$32,023.26","$32,024.00","$27,653.45","$27,654.00",,,,,,,,,,,,,,,,,,
Ultimate Peace,"$44,768.00","$44,718.00",http://www.ultimatepeace.org/,,27-2840618,War,,,,,,no fund or feat,,,,no fund or feat,,,,,,,,,"$19,768.00","$19,718.00",,,,,"$25,000.00","$25,000.00",,,,,,
Uncultured Project ,$0.00,"$40,500.00",https://youtube.com/user/UnculturedProject,CAF America,,Human rights; Poverty; Economic development,,,,,,no fund or feat,,,,no fund or feat,,,,,,,,,,,,,,,,,,,,"$40,500.00",,
UNICEF,"$48,614.39","$48,613.65",https://www.unicef.org/,,13-1760110,Health; Human services; Disaster relief,,,,,,no fund or feat,,,,no fund or feat,"$32,023.26","$32,024.00",,,,,,,,,,,,,,,,,,,16590.39,16590.39
United Mitochondrial Disease Foundation,"$27,654.00","$27,653.45",https://www.umdf.org/,,25-1767180,Health,1,188,x (web),,,feat not fund,,,,no fund or feat,,,"$27,653.45","$27,654.00",,,,,,,,,,,,,,,,,,
United2Heal,$0.00,$0.00,,,46-5748694,,1,254,,,,no fund or feat,,,,,,,,,,,,,,,,,,,,,,,,,,
UNRWA USA,$0.00,"$37,297.09",https://www.unrwausa.org/,,20-2714426,International development; Palestine; refugees,1,488,,"$37,297.09",,fund not feat,,,,,,,,,,,,,,,,,,,,,,,,,,
Upwardly Global,$0.00,$0.00,https://www.upwardlyglobal.org/,,94-3346127,Workforce development,1,55,,,,no fund or feat,,,,,,,,,,,,,,,,,,,,,,,,,,
Walkin' &amp; Rollin' Costumes,$0.00,$0.00,,,47-5478453,Youth services,1,126,,,,no fund or feat,,,,,,,,,,,,,,,,,,,,,,,,,,
War Child,"$32,024.00","$32,023.26",https://www.warchild.org/,,20-0094157,War,1,91,,,,no fund or feat,,,,no fund or feat,"$32,023.26","$32,024.00",,,,,,,,,,,,,,,,,,,,
water.org,"$150,021.39","$132,010.76",https://water.org/,,58-2060131,Water,,,,,,no fund or feat,,,,no fund or feat,,,,,"$17,440.00","$14,701.10","$18,631.00","$18,630.48",,,,,"$40,271.00","$25,000.00","$15,089.00","$15,088.79","$50,000.00","$50,000.00",,,8590.39,8590.39
Wayne Foundation,"$25,205.00","$25,204.68",http://waynefdn.org/,,27-2101347,,,,,,,no fund or feat,,,,no fund or feat,,,,,,,,,,,,,,,,,"$25,205.00","$25,204.68",,,,
Waypoint Centre for Mental Health Care,$0.00,$0.00,,,,,,,,,,no fund or feat,x,,,feat not fund,,,,,,,,,,,,,,,,,,,,,,
We Got This,$0.00,$0.00,,,,,1,45,,,,no fund or feat,,,,,,,,,,,,,,,,,,,,,,,,,,
We Need Diverse Books,"$40,089.00","$40,088.79",http://weneeddiversebooks.org/,,47-1786302,Libraries; Education,,,,,,no fund or feat,,,,no fund or feat,,,,,,,,,,,"$25,000.00","$25,000.00",,,"$15,089.00","$15,088.79",,,,,,
Wezesha Binti girl up,$0.00,$0.00,,,,,1,236,,,,no fund or feat,,,,,,,,,,,,,,,,,,,,,,,,,,
Whale and Dolphin Conservation,$0.00,$0.00,HTTP://US.WHALES.ORG,,02-0749188,Animals,1,296,,,,no fund or feat,,,,,,,,,,,,,,,,,,,,,,,,,,
Wigs4Kids,"$19,768.00","$19,718.00",http://www.wigs4kids.org/,,20-0374667,Children; Health,,,,,,no fund or feat,,,,no fund or feat,,,,,,,,,"$19,768.00","$19,718.00",,,,,,,,,,,,
Wild Animal Initiative,"$27,654.00","$27,653.45",https://www.wildanimalinitiative.org/,,82-2281466,Animals,,,,,,no fund or feat,,,,no fund or feat,,,"$27,653.45","$27,654.00",,,,,,,,,,,,,,,,,,
Wildlife Conservation Network,"$21,928.00","$21,927.93",https://wildnet.org/,,30-0108469,Environment,,,,,,no fund or feat,,,,no fund or feat,,,,,,,,,,,"$21,928.00","$21,927.93",,,,,,,,,,
Wildlife Trusts,$0.00,"$27,653.45",https://www.wildlifetrusts.org/,CAF America,207238,Environment,,,,,,no fund or feat,,,,no fund or feat,,,"$27,653.45",,,,,,,,,,,,,,,,,,,
Wildlife Waystation,"$78,899.00","$78,848.48",https://wildlifewaystation.org/,,95-3190812,Environment,,,,,,no fund or feat,,,,no fund or feat,,,,,,,"$18,631.00","$18,630.48","$19,768.00","$19,718.00",,,,,,,,,"$40,500.00","$40,500.00",,
Women for Women International,"$25,205.00","$25,204.68",http://www.womenforwomen.org/,,52-1838756,Women's rights,,,,,,no fund or feat,,,,no fund or feat,,,,,,,,,,,,,,,,,"$25,205.00","$25,204.68",,,,
World Association of Girl Guides and Girl Scouts,$0.00,$0.00,,,,Women's rights,1,87,,,,no fund or feat,,,,,,,,,,,,,,,,,,,,,,,,,,
World Bicycle Relief,"$32,024.00","$32,023.26",https://worldbicyclerelief.org/,,20-5080679,Poverty,1,137,,,,no fund or feat,x,,,feat not fund,"$32,023.26","$32,024.00",,,,,,,,,,,,,,,,,,,,
World Central Kitchen,"$32,024.00","$32,023.26",https://wck.org/,,27-3521132,Hunger; Disaster relif,,,,,,no fund or feat,,,,no fund or feat,"$32,023.26","$32,024.00",,,,,,,,,,,,,,,,,,,,
World Food Programme,"$43,836.00","$43,835.16",http://www1.wfp.org/,,13-3843435,Hunger,,,,,,no fund or feat,,,,no fund or feat,,,,,,,"$18,631.00","$18,630.48",,,,,,,,,"$25,205.00","$25,204.68",,,,
World Wildlife Foundation,$0.00,$0.00,,,,Environment,1,0,,,,no fund or feat,,,,,,,,,,,,,,,,,,,,,,,,,,
World YWCA,$0.00,$0.00,,,,Community services; Human services,2,60,,,,no fund or feat,,,,,,,,,,,,,,,,,,,,,,,,,,
Youth Action,$0.00,$0.00,,,,,1,,,,,no fund or feat,,,,,,,,,,,,,,,,,,,,,,,,,,