,Charity,All time funding (990),All time pledged,Website,Passthrough,EIN,Tags,2025,Unnamed: 8_level_0,Unnamed: 9_level_0,Unnamed: 10_level_0,Unnamed: 11_level_0,Unnamed: 12_level_0,Unnamed: 13_level_0,2024,Unnamed: 15_level_0,Unnamed: 16_level_0,Unnamed: 17_level_0,Unnamed: 18_level_0,Unnamed: 19_level_0,2023,Unnamed: 21_level_0,Unnamed: 22_level_0,Unnamed: 23_level_0,2022,Unnamed: 25_level_0,2021,Unnamed: 27_level_0,2020,2019,Unnamed: 30_level_0,2018,Unnamed: 32_level_0,2017,Unnamed: 34_level_0,2016,Unnamed: 36_level_0,2015,Unnamed: 38_level_0,2014,Unnamed: 40_level_0,2013,Unnamed: 42_level_0,2012,Unnamed: 44_level_0,2011
,Unnamed: 0_level_1,Unnamed: 1_level_1,Unnamed: 2_level_1,Unnamed: 3_level_1,Unnamed: 4_level_1,Unnamed: 5_level_1,Unnamed: 6_level_1,Videos,Views,Featured,Pledged,Form 990,P4ALink,Status,Videos,Views,Featured,Pledged,Form 990,Status,Featured,Pledged,Form 990,Status,Pledged,Form 990,Pledged,Form 990,Form 990,Pledged,Form 990,Pledged,Form 990,Pledged,Form 990,Pledged,Form 990,Pledged,Form 990,Pledged,Form 990,Pledged,Form 990,Pledged,Form 990,Pledged
,Year total,Unnamed: 1_level_2,Unnamed: 2_level_2,Unnamed: 3_level_2,Unnamed: 4_level_2,Unnamed: 5_level_2,Unnamed: 6_level_2,0,0,0,$0.00,$0.00,Unnamed: 12_level_2,Unnamed: 13_level_2,319,72277,23,"$2,526,605.93",$0.00,Unnamed: 19_level_2,28,"$2,094,250.90","$1,601,348.00",Unnamed: 23_level_2,"$2,001,736.06","$2,033,784.00","$1,614,648.63","$1,695,202.00","$780,096.00","$643,929.34","$833,620.00","$827,648.30","$933,231.00","$928,818.00","$1,010,846.00","$1,010,845.86","$1,090,864.00","$1,090,864.34","$984,338.00","$1,093,564.46","$890,383.00","$752,046.80","$364,500.00","$405,000.00","$74,951.95","$74,951.95"
0,Partners in Health,"$2,401,873.00","$3,033,847.24",https://www.pih.org/,,04-3567502,Health,,,,,,,guaranteed,,,,"$684,967.38",,guaranteed,,"$492,908.15","$492,908.00",guaranteed,"$520,519.13","$520,520.00","$429,069.79","$455,566.00","$172,048.00","$145,551.47","$199,574.00","$199,573.63",,,"$269,533.00","$269,533.28",,,"$291,724.00","$291,724.41",,,,,,
1,Save the Children,"$3,027,852.00","$3,659,776.85",https://www.savethechildren.org/,,06-0726487,Human rights; Children; Refugees,,,,,,,guaranteed,1.0,40.0,,"$684,967.38",,guaranteed,,"$492,908.15","$492,908.00",guaranteed,"$520,519.13","$520,520.00","$383,628.79","$410,125.00","$172,048.00","$145,551.47","$180,943.00","$180,943.15","$237,702.00","$237,652.00","$272,033.00","$272,033.28","$359,349.00","$359,349.09","$291,724.00","$291,724.41","$50,000.00","$50,000.00","$40,500.00","$40,500.00",,
2,American Library Association,"$36,948.00","$36,947.82",https://www.ala.org/,,36-2166947,Libraries; Education,,,,,,,,,,,,,no fund or feat,x,"$36,947.82","$36,948.00",fund and feat,,,,,,,,,,,,,,,,,,,,,,
3,Animal Wonders,"$68,972.00","$106,268.17",https://www.animalwonders.org/#/,,26-3339055,Animals,,,,,,,,1.0,3682.0,x,"$37,297.09",,fund and feat,x,"$36,947.82","$36,948.00",fund and feat,"$32,023.26","$32,024.00",,,,,,,,,,,,,,,,,,,,
4,Asian Americans United ,"$36,948.00","$36,947.82",https://aaunited.org/,,22-2981076,Human rights,,,,,,,,1.0,151.0,,,,no fund or feat,x,"$36,947.82","$36,948.00",fund and feat,,,,,,,,,,,,,,,,,,,,,,
5,Audre Lorde Project,"$68,972.00","$106,268.17",https://alp.org/,,06-1502452,Art; LGBTQ+ rights,,,,,,,,1.0,1054.0,x,"$37,297.09",,fund and feat,x,"$36,947.82","$36,948.00",fund and feat,"$32,023.26","$32,024.00",,,,,,,,,,,,,,,,,,,,
6,Camp Lilac,"$36,948.00","$74,244.91",https://www.camplilac.org/,GenderSphere,82-0712841,LGBTQ+ rights; Children,,,,,,,,2.0,626.0,,"$37,297.09",,fund not feat,x,"$36,947.82","$36,948.00",fund and feat,,,,,,,,,,,,,,,,,,,,,,
7,Center for Reproductive Rights,"$36,948.00","$36,947.82",https://reproductiverights.org/,,13-3669731,Human rights,,,,,,,,,,,,,no fund or feat,x,"$36,947.82","$36,948.00",fund and feat,,,,,,,,,,,,,,,,,,,,,,
8,Earthjustice,"$174,393.00","$208,899.13",https://earthjustice.org/,,94-1730465,Environment; Policy,,,,,,,,1.0,2787.0,x,"$37,297.09",,fund and feat,x,"$36,947.82","$36,948.00",fund and feat,"$32,023.26","$32,024.00","$27,653.45","$27,654.00","$17,440.00","$14,701.10","$18,631.00","$18,630.48","$19,768.00","$19,718.00","$21,928.00","$21,927.93",,,,,,,,,,
9,Ecology Project International,"$114,066.00","$133,921.62",https://www.ecologyproject.org/,,91-2163952,Environment,,,,,,,,19.0,1181.0,,"$37,297.09",,fund not feat,,"$36,947.82","$36,948.00",fund not feat,"$32,023.26","$32,024.00","$27,653.45","$27,654.00","$17,440.00",,,,,,,,,,,,,,,,,
10,Fandom Forward,"$351,145.78","$385,651.98",https://fandomforward.org/,,20-8045792,Community organizing,,,,,,,,4.0,529.0,,"$37,297.09",,fund not feat,,"$36,947.82","$36,948.00",fund not feat,"$32,023.26","$32,024.00","$27,653.45","$27,654.00","$17,440.00","$14,701.10","$18,631.00","$18,630.48","$19,768.00","$19,718.00","$25,000.00","$25,000.00","$25,000.00","$25,000.00","$25,000.00","$25,000.00","$50,000.00","$50,000.00","$40,500.00","$40,500.00",33180.78,33180.78
11,Good Food Institute,"$157,697.00","$154,956.11",https://gfi.org/,,81-0840578,Education,,,,,,,,7.0,683.0,,,,no fund or feat,,"$36,947.82","$36,948.00",fund not feat,"$32,023.26","$32,024.00","$27,653.45","$27,654.00","$17,440.00","$14,701.10","$18,631.00","$18,630.48",,,"$25,000.00","$25,000.00",,,,,,,,,,
12,Habibi.Works,"$75,347.00","$112,593.39",https://habibi.works/,CAF America/Greece distributed grants,ΓΕΜΗ: 164727629000,Art; Refugees; Human services,,,,,,,,13.0,3705.0,,"$37,297.09",,fund not feat,x,"$36,947.82","$36,948.00",fund and feat,,,,,,,"$18,631.00","$18,630.48","$19,768.00","$19,718.00",,,,,,,,,,,,
13,Hear Your Song,"$36,948.00","$74,244.91",https://www.hearyoursong.org/,,85-3483842,Human services,,,,,,,,14.0,1374.0,,"$37,297.09",,fund not feat,,"$36,947.82","$36,948.00",fund not feat,,,,,,,,,,,,,,,,,,,,,,
14,Legacy Youth Leadership,"$68,972.00","$68,971.08",https://legacyyouthleadership.org/,,81-2177352,Youth services,,,,,,,,16.0,984.0,,,,no fund or feat,,"$36,947.82","$36,948.00",fund not feat,"$32,023.26","$32,024.00",,,,,,,,,,,,,,,,,,,,
15,Mermaids UK ,"$68,972.00","$106,268.17",https://mermaidsuk.org.uk/,UK distributed funds,CE002708 (UK),LGBTQ+ rights,,,,,,,,1.0,1121.0,x,"$37,297.09",,fund and feat,x,"$36,947.82","$36,948.00",fund and feat,"$32,023.26","$32,024.00",,,,,,,,,,,,,,,,,,,,
16,Nanowrimo,"$227,465.00","$224,674.11",https://nanowrimo.org/,,65-1282653,Art,,,,,,,,,,,,,no fund or feat,x,"$36,947.82","$36,948.00",fund and feat,"$32,023.26","$32,024.00","$27,653.45","$27,654.00","$17,440.00","$14,701.10","$18,631.00","$18,630.48","$19,768.00","$19,718.00","$25,000.00","$25,000.00","$25,000.00","$25,000.00","$25,000.00","$25,000.00",,,,,,
17,National Center For Transgender Equality,"$68,972.00","$68,971.08",https://transequality.org/,,41-2090291,LGBTQ+ rights,,,,,,,,,,,,,no fund or feat,x,"$36,947.82","$36,948.00",fund and feat,"$32,023.26","$32,024.00",,,,,,,,,,,,,,,,,,,,
18,No Means No Worldwide,"$68,972.00","$68,971.08",https://www.nomeansnoworldwide.org/,,46-4183160,Sexual violence; Women's rights; Human rights,,,,,,,,1.0,357.0,,,,no fund or feat,,"$36,947.82","$36,948.00",fund not feat,"$32,023.26","$32,024.00",,,,,,,,,,,,,,,,,,,,
19,Not Forgotten,"$305,164.00","$340,131.28",https://www.notforgotten.org/,,26-0734351,Children; Poverty,,,,,,,,,,,"$37,758.47",,guaranteed,,"$36,947.82","$36,948.00",fund not feat,"$32,023.26","$32,024.00","$27,653.45","$27,654.00","$17,440.00","$14,701.10","$18,631.00","$18,630.48","$19,768.00","$19,718.00","$21,928.00","$21,927.93","$15,271.00","$15,270.77","$25,000.00","$25,000.00","$50,000.00","$50,000.00","$40,500.00","$40,500.00",,
20,Other People Fund,"$36,948.00","$36,947.82",https://www.otherpeoplefund.com/,Support for the Psyche Inc,86-2381424,Mental health,,,,,,,,1.0,629.0,x,,,feat not fund,x,"$36,947.82","$36,948.00",fund and feat,,,,,,,,,,,,,,,,,,,,,,
21,Prison Book Program,"$114,066.00","$148,622.72",https://prisonbookprogram.org/,,20-3235673,Libraries; Education; Incarceration,,,,,,,,4.0,2170.0,x,"$37,297.09",,fund and feat,,"$36,947.82","$36,948.00",fund not feat,"$32,023.26","$32,024.00","$27,653.45","$27,654.00","$17,440.00","$14,701.10",,,,,,,,,,,,,,,,
22,Project Heal,"$36,948.00","$36,947.82",https://www.theprojectheal.org/,,22-3676800,Youth services,,,,,,,,,,,,,no fund or feat,x,"$36,947.82","$36,948.00",fund and feat,,,,,,,,,,,,,,,,,,,,,,
23,She's The First,"$224,393.00","$258,899.13",https://shesthefirst.org/,,65-1321437,Women's rights,,,,,,,,24.0,1480.0,,"$37,297.09",,fund not feat,x,"$36,947.82","$36,948.00",fund and feat,"$32,023.26","$32,024.00","$27,653.45","$27,654.00","$17,440.00","$14,701.10","$18,631.00","$18,630.48","$19,768.00","$19,718.00","$21,928.00","$21,927.93","$25,000.00","$25,000.00","$25,000.00","$25,000.00",,,,,,
24,Sustainability Matters,"$68,972.00","$74,244.91",https://www.sustainabilitymatters.earth/,,84-2664760,Environment,,,,,,,,1.0,922.0,x,"$37,297.09",,fund and feat,,"$36,947.82","$36,948.00",fund not feat,,"$32,024.00",,,,,,,,,,,,,,,,,,,,
25,The Ocean Cleanup,"$152,465.00","$149,674.11",https://theoceancleanup.com/,,81-5132355,Environment,,,,,,,,1.0,165.0,,,,no fund or feat,,"$36,947.82","$36,948.00",fund not feat,"$32,023.26","$32,024.00","$27,653.45","$27,654.00","$17,440.00","$14,701.10","$18,631.00","$18,630.48","$19,768.00","$19,718.00",,,,,,,,,,,,
26,The Trevor Project,"$139,066.00","$136,325.63",https://www.thetrevorproject.org/,,95-4681287,LGBTQ+ rights,,,,,,,,,,,,,no fund or feat,x,"$36,947.82","$36,948.00",fund and feat,"$32,023.26","$32,024.00","$27,653.45","$27,654.00","$17,440.00","$14,701.10",,,,,"$25,000.00","$25,000.00",,,,,,,,,,
27,Thirst Project,"$199,811.00","$234,317.75",https://www.thirstproject.org/,,35-2339840,Water,,,,,,,,15.0,1048.0,,"$37,297.09",,fund not feat,,"$36,947.82","$36,948.00",fund not feat,"$32,023.26","$32,024.00",,,"$17,440.00","$14,701.10","$18,631.00","$18,630.48","$19,768.00","$19,718.00",,,,,"$25,000.00","$25,000.00","$50,000.00","$50,000.00",,,,
28,This Star Won't Go Out,"$277,465.00","$311,971.20",https://www.tswgo.org/,,27-4235482,Health; Cancer,,,,,,,,1.0,1474.0,x,"$37,297.09",,fund and feat,x,"$36,947.82","$36,948.00",fund and feat,"$32,023.26","$32,024.00","$27,653.45","$27,654.00","$17,440.00","$14,701.10","$18,631.00","$18,630.48","$19,768.00","$19,718.00","$25,000.00","$25,000.00","$25,000.00","$25,000.00","$25,000.00","$25,000.00","$50,000.00","$50,000.00",,,,
29,UNHCR,"$502,910.00","$500,121.95",https://www.unhcr.org/en-us/,,52-1662800,Human rights; Refugees,,,,,,,,,,,,,no fund or feat,,"$36,947.82","$36,948.00",fund not feat,"$32,023.26","$32,024.00","$27,653.45","$27,654.00","$17,440.00","$14,701.10",,,"$19,768.00","$19,718.00","$25,000.00","$25,000.00","$344,076.00","$344,078.32",,,,,,,,
30,Uplift,"$189,664.00","$186,872.81",https://uplifttogether.org/about,,47-3412289,Sexual violence; Women's rights; Human rights,,,,,,,,,,,,,no fund or feat,,"$36,947.82","$36,948.00",fund not feat,"$32,023.26","$32,024.00","$27,653.45","$27,654.00","$17,440.00","$14,701.10","$18,631.00","$18,630.48","$19,768.00","$19,718.00","$21,928.00","$21,927.93","$15,271.00","$15,270.77",,,,,,,,
31,Wikimedia Foundation,"$36,948.00","$36,947.82",https://wikimediafoundation.org/,,20-0049703,Web-based media; Media democracy; Libraries,,,,,,,,,,,,,no fund or feat,,"$36,947.82","$36,948.00",fund not feat,,,,,,,,,,,,,,,,,,,,,,
32,3 Bluebirds Farm,$0.00,$0.00,WWW.3BLUEBIRDSFARM.ORG,,30-0715917,Agriculture; Sustainability,,,,,,,,1.0,62.0,,,,no fund or feat,,,,,,,,,,,,,,,,,,,,,,,,,,
33,A Cat's Life Rescue,$0.00,"$37,297.09",www.acatsliferescue.org,,83-1610305,Animals,,,,,,,,1.0,738.0,,"$37,297.09",,fund not feat,,,,,,,,,,,,,,,,,,,,,,,,,,
34,A Moment of Magic Foundation,$0.00,$0.00,AMOMENTOFMAGIC.ORG,,81-1740360,Social services,,,,,,,,,67.0,,,,no fund or feat,,,,,,,,,,,,,,,,,,,,,,,,,,
35,ACLU,"$21,928.00","$21,927.93",https://www.aclu.org/,,13-6213516,Human rights,,,,,,,,,,,,,no fund or feat,,,,no fund or feat,,,,,,,,,,,"$21,928.00","$21,927.93",,,,,,,,,,
36,Action Against Hunger,"$25,000.00","$25,000.00",http://www.actionagainsthunger.org/,,13-3327220,Hunger,,,,,,,,,,,,,no fund or feat,,,,no fund or feat,,,,,,,,,,,,,"$25,000.00","$25,000.00",,,,,,,,
37,Actors Fund,"$27,654.00","$27,653.45",https://actorsfund.org/,,13-1635251,Art; Labor,,,,,,,,,,,,,no fund or feat,,,,no fund or feat,,,"$27,653.45","$27,654.00",,,,,,,,,,,,,,,,,,
38,Against Malaria Foundation,"$165,517.00","$200,023.38",https://www.againstmalaria.com/,,20-3069841,Health; Malaria,,,,,,,,5.0,590.0,x,"$37,297.09",,fund and feat,,,,no fund or feat,"$32,023.26","$32,024.00","$27,653.45","$27,654.00","$17,440.00","$14,701.10","$18,631.00","$18,630.48","$19,768.00","$19,718.00","$25,000.00","$25,000.00","$25,000.00","$25,000.00",,,,,,,,
39,All Out,$0.00,$0.00,,,,,,,,,,,,1.0,52.0,,,,no fund or feat,,,,,,,,,,,,,,,,,,,,,,,,,,
40,Alliance for Building Communities,$0.00,$0.00,WWW.HOUSING-ABC.ORG,,23-2041406,Housing; Community services,,,,,,,,1.0,159.0,,,,no fund or feat,,,,,,,,,,,,,,,,,,,,,,,,,,
41,Alzheimer's Association,"$47,422.00","$47,371.45",https://www.alz.org/,,13-3039601,Health; Alzheimer's,,,,,,,,,,,,,no fund or feat,,,,no fund or feat,,,"$27,653.45","$27,654.00",,,,,"$19,768.00","$19,718.00",,,,,,,,,,,,
42,Alzheimer's Society,$0.00,"$40,500.00",http://alzheimers.org.uk/,,31-1815826,Health; Alzheimer's,,,,,,,,,,,,,no fund or feat,,,,no fund or feat,,,,,,,,,,,,,,,,,,,,"$40,500.00",,
43,American Foundation for Suicide Prevention,"$30,360.00","$30,359.56",https://www.afsp.org/,,13-3393329,Mental health,,,,,,,,,,,,,no fund or feat,,,,no fund or feat,,,,,,,,,,,,,"$15,271.00","$15,270.77","$15,089.00","$15,088.79",,,,,,
44,American Humane Society,"$17,440.00","$14,701.10",https://www.americanhumane.org/,,84-0432950,Animals,,,,,,,,,,,,,no fund or feat,,,,no fund or feat,,,,,"$17,440.00","$14,701.10",,,,,,,,,,,,,,,,
45,Amnesty International,$0.00,$0.00,,,52-0851555,Human rights; Refugees,,,,,,,,1.0,0.0,,,,no fund or feat,,,,,,,,,,,,,,,,,,,,,,,,,,
46,Animal Equality,$0.00,$0.00,,,47-2420444,Animals,,,,,,,,1.0,406.0,,,,no fund or feat,,,,,,,,,,,,,,,,,,,,,,,,,,
47,APOPO Herorats,"$17,440.00","$14,701.10",https://www.apopo.org/en/,,47-1389723,Health; Human rights; War; Tuberculosis,,,,,,,,,,,,,no fund or feat,,,,no fund or feat,,,,,"$17,440.00","$14,701.10",,,,,,,,,,,,,,,,
48,Aquatic Life Institute,$0.00,$0.00,,,87-3020380,Environment; Animals,,,,,,,,1.0,123.0,,,,no fund or feat,,,,,,,,,,,,,,,,,,,,,,,,,,
49,Arbor Day Foundation,"$17,440.00","$14,701.10",https://www.arborday.org/,,23-7169265,Environment,,,,,,,,,,,,,no fund or feat,,,,,,,,,"$17,440.00","$14,701.10",,,,,,,,,,,,,,,,
50,Archaeology in the Community,$0.00,$0.00,,,30-0538831,Art; Youth services; Education,,,,,,,,1.0,166.0,,,,no fund or feat,,,,,,,,,,,,,,,,,,,,,,,,,,
51,Artists Open Studio,$0.00,$0.00,,,20-4012059,Art,,,,,,,,,,,,,no fund or feat,x,,,feat not fund,,,,,,,,,,,,,,,,,,,,,,
52,ASISTA Immigration Assistance,$0.00,$0.00,WWW.ASISTAHELP.ORG,,26-3233209,Immigration; Human rights,,,,,,,,1.0,166.0,,,,no fund or feat,,,,,,,,,,,,,,,,,,,,,,,,,,
53,Associação Auxílio e Amizade (Aid & Friendship Association),"$32,024.00","$32,023.26",https://auxilioeamizade.pt/,,NIPC 505850117,Community services,,,,,,,,1.0,413.0,,,,no fund or feat,x,,,feat not fund,"$32,023.26","$32,024.00",,,,,,,,,,,,,,,,,,,,
54,Astor Services,$0.00,$0.00,WWW.ASTORSERVICES.ORG,,14-1397918,Children; Education,,,,,,,,1.0,,,,,no fund or feat,,,,,,,,,,,,,,,,,,,,,,,,,,
55,Bail Project,$0.00,"$37,297.09",WWW.BAILPROJECT.ORG,,81-4985512,Incarceration; Human rights,,,,,,,,1.0,117.0,,"$37,297.09",,fund not feat,,,,,,,,,,,,,,,,,,,,,,,,,,
56,Be The Change Youth Initiative,$0.00,$0.00,,,85-1730074,Youth organizing,,,,,,,,1.0,78.0,,,,no fund or feat,,,,,,,,,,,,,,,,,,,,,,,,,,
57,Beyond Blue,$0.00,$0.00,,,37-1730253,Health,,,,,,,,1.0,68.0,,,,no fund or feat,,,,,,,,,,,,,,,,,,,,,,,,,,
58,Books for Africa,"$15,089.00","$15,088.79",https://www.booksforafrica.org/,,41-1627391,Education,,,,,,,,,,,,,no fund or feat,,,,no fund or feat,,,,,,,,,,,,,,,"$15,089.00","$15,088.79",,,,,,
59,Brooklyn Movement Center,"$27,654.00","$27,653.45",http://brooklynmovementcenter.org/,Fund for City of New York,13-2612524,Art; Community services,,,,,,,,,,,,,no fund or feat,,,,no fund or feat,,,"$27,653.45","$27,654.00",,,,,,,,,,,,,,,,,,
60,CAF America,"$102,168.00",$0.00,,,43-1634280,,,,,,,,,,,,,,no fund or feat,,,,,,,,,,,"$5,960.00",,"$3,163.00",,,,,,,,,,,,,
61,Cage to Couch,$0.00,$0.00,,,88-1759107,,,,,,,,,1.0,199.0,,,,no fund or feat,,,,,,,,,,,,,,,,,,,,,,,,,,
62,Cake4Kids,$0.00,$0.00,,,,,,,,,,,,1.0,1047.0,,,,no fund or feat,,,,,,,,,,,,,,,,,,,,,,,,,,
63,California Native Garden Foundation,$0.00,"$37,297.09",https://cngf.org,,72-1562616,Agriculture; Education; Environment,,,,,,,,1.0,678.0,x,"$37,297.09",,fund and feat,,,,no fund or feat,,,,,,,,,,,,,,,,,,,,,,
64,Calling All Crows,$0.00,$0.00,,,26-3763300,,,,,,,,,1.0,119.0,,,,no fund or feat,,,,,,,,,,,,,,,,,,,,,,,,,,
65,Camp Fatima of New Jersey,$0.00,$0.00,,,23-7149909,,,,,,,,,,,,,,no fund or feat,x,,,feat not fund,,,,,,,,,,,,,,,,,,,,,,
66,Campaign Against Living Miserably,$0.00,"$37,297.09",,,,Mental health,,,,,,,,3.0,1588.0,x,"$37,297.09",,fund and feat,,,,no fund or feat,,,,,,,,,,,,,,,,,,,,,,
67,"Carabiner Collections, Inc.",$0.00,"$37,297.09",,,93-4688929,Libraries; Education,,,,,,,,1.0,1055.0,x,"$37,297.09",,fund and feat,,,,no fund or feat,,,,,,,,,,,,,,,,,,,,,,
68,Carolina Manga Library,$0.00,$0.00,,,47-1170699,,,,,,,,,1.0,178.0,,,,no fund or feat,,,,,,,,,,,,,,,,,,,,,,,,,,
69,Carymoor Environmental Trust,$0.00,$0.00,,,,,,,,,,,,1.0,286.0,,,,no fund or feat,,,,,,,,,,,,,,,,,,,,,,,,,,
70,CASA Project Worcester County,$0.00,$0.00,,,,,,,,,,,,1.0,133.0,,,,no fund or feat,,,,,,,,,,,,,,,,,,,,,,,,,,
71,Catholic Migration Services,$0.00,$0.00,,,11-2634818,,,,,,,,,1.0,61.0,,,,no fund or feat,,,,,,,,,,,,,,,,,,,,,,,,,,
72,Center for Constitutional Rights,$0.00,$0.00,,,22-6082880,,,,,,,,,1.0,0.0,,,,no fund or feat,,,,,,,,,,,,,,,,,,,,,,,,,,
73,Charity Elections,$0.00,$0.00,,,,,,,,,,,,1.0,45.0,,,,no fund or feat,,,,,,,,,,,,,,,,,,,,,,,,,,
74,charity:water,"$15,271.00","$15,270.77",https://charitywater.org/,,22-3936753,Water,,,,,,,,,,,,,no fund or feat,,,,no fund or feat,,,,,,,,,,,,,,"$15,270.77",,,,,,,,
75,Child's Play,"$50,000.00","$50,000.00",http://www.childsplaycharity.org/,,20-3584556,Human services,,,,,,,,,,,,,no fund or feat,,,,,,,,,,,,,,,,,,,,,"$50,000.00","$50,000.00",,,,
76,Children's Future International ,$0.00,"$37,297.09",WWW.CHILDRENSFUTURE.ORG,,26-1761651,Social services,,,,,,,,1.0,586.0,x,"$37,297.09",,fund and feat,,,,no fund or feat,,,,,,,,,,,,,,,,,,,,,,
77,Clean Air Task Force,"$45,094.00","$42,354.55",https://www.catf.us/,,04-3512550,Climate,,,,,,,,,,,,,no fund or feat,,,,no fund or feat,,,"$27,653.45","$27,654.00","$17,440.00","$14,701.10",,,,,,,,,,,,,,,,
78,Clean Oceans Action,$0.00,$0.00,,,22-2897204,,,,,,,,,1.0,151.0,,,,no fund or feat,,,,,,,,,,,,,,,,,,,,,,,,,,
79,CoachBright Charitable Trust,$0.00,$0.00,,,,,,,,,,,,1.0,31.0,,,,no fund or feat,,,,,,,,,,,,,,,,,,,,,,,,,,
80,Conservation International,$0.00,$0.00,,,52-1497470,,,,,,,,,1.0,220.0,,,,no fund or feat,,,,,,,,,,,,,,,,,,,,,,,,,,
81,Creative Commons,$0.00,$0.00,,,04-3585301,,,,,,,,,1.0,439.0,,,,no fund or feat,,,,,,,,,,,,,,,,,,,,,,,,,,
82,Crisis Text Line,"$17,440.00","$14,701.10",https://www.crisistextline.org/,,46-5039599,Mental health,,,,,,,,,,,,,no fund or feat,,,,no fund or feat,,,,,"$17,440.00","$14,701.10",,,,,,,,,,,,,,,,
83,Cure Alzheimer's Fund,$0.00,$0.00,,,82-1402154,,,,,,,,,1.0,67.0,,,,no fund or feat,x,,,feat not fund,,,,,,,,,,,,,,,,,,,,,,
84,Days for Girls International,"$25,000.00","$25,000.00",http://www.daysforgirls.org/,,45-3934671,Women's rights; Health; Youth services,,,,,,,,,,,,,no fund or feat,,,,no fund or feat,,,,,,,,,,,,,,,"$25,000.00","$25,000.00",,,,,,
85,Denver Public Library Friends Foundation,$0.00,$0.00,,,84-6036979,Libraries,,,,,,,,1.0,64.0,,,,no fund or feat,,,,,,,,,,,,,,,,,,,,,,,,,,
86,dewindroos,$0.00,$0.00,,,,,,,,,,,,1.0,56.0,,,,no fund or feat,,,,,,,,,,,,,,,,,,,,,,,,,,
87,Dinosuars Will Always be Awesome,$0.00,$0.00,,,,,,,,,,,,,,,,,no fund or feat,x,,,feat not fund,,,,,,,,,,,,,,,,,,,,,,
88,Direct Relief,"$15,271.00","$15,270.77",https://www.directrelief.org/,,95-1831116,Health; Disaster relief,,,,,,,,,,,,,no fund or feat,,,,no fund or feat,,,,,,,,,,,,,"$15,271.00","$15,270.77",,,,,,,,
89,Disability Policy Consortium,$0.00,$0.00,,,04-3570281,,,,,,,,,1.0,109.0,,,,no fund or feat,,,,,,,,,,,,,,,,,,,,,,,,,,
90,Disabled Children's Fund,$0.00,$0.00,,,,,,,,,,,,1.0,0.0,,,,no fund or feat,,,,,,,,,,,,,,,,,,,,,,,,,,
91,Donate Life,"$15,089.00","$15,088.79",http://donatelife.net/,,54-1626038,Health,,,,,,,,,,,,,no fund or feat,,,,no fund or feat,,,,,,,,,,,,,,,"$15,089.00","$15,088.79",,,,,,
92,Drag Story Hour,$0.00,"$37,297.09",dragstoryhour.org,,86-2721367,LGBTQ+ rights; Education; Children,,,,,,,,1.0,622.0,,"$37,297.09",,fund not feat,,,,,,,,,,,,,,,,,,,,,,,,,,
93,Effective Thesis,$0.00,$0.00,,,,,,,,,,,,1.0,47.0,,,,no fund or feat,,,,,,,,,,,,,,,,,,,,,,,,,,
94,Emory Farmworker Project,$0.00,$0.00,,,,,,,,,,,,1.0,348.0,,,,no fund or feat,,,,,,,,,,,,,,,,,,,,,,,,,,
95,Empower Tennessee,$0.00,$0.00,,,62-1585996,,,,,,,,,1.0,154.0,,,,no fund or feat,,,,,,,,,,,,,,,,,,,,,,,,,,
96,Encouraging Women Across All Borders,$0.00,$0.00,,,84-3416643,Women's rights,,,,,,,,2.0,84.0,,,,no fund or feat,x,,,feat not fund,,,,,,,,,,,,,,,,,,,,,,
97,Ending Cancer in Our Generation,$0.00,$0.00,,,45-2676123,Cancer,,,,,,,,1.0,42.0,,,,no fund or feat,,,,,,,,,,,,,,,,,,,,,,,,,,
98,Engineers Without Borders,"$18,631.00","$18,630.48",https://www.ewb-usa.org/,,84-1589324,Agriculture; Environment; Water; Economic development,,,,,,,,,,,,,no fund or feat,,,,no fund or feat,,,,,,,"$18,631.00","$18,630.48",,,,,,,,,,,,,,
99,Equal Justice Initiative,"$27,654.00","$27,653.45",https://eji.org/,,63-1135091,Incarceration; Human rights,,,,,,,,,,,,,no fund or feat,,,,no fund or feat,,,"$27,653.45","$27,654.00",,,,,,,,,,,,,,,,,,
100,Equal Rights Beyond Borders,$0.00,$0.00,,,,,,,,,,,,1.0,372.0,,,,no fund or feat,,,,,,,,,,,,,,,,,,,,,,,,,,
101,Everytown for Gun Safety,"$17,440.00","$14,701.10",https://everytown.org/,,26-1598353,Gun control; Policy,,,,,,,,,,,,,no fund or feat,,,,no fund or feat,,,,,"$17,440.00","$14,701.10",,,,,,,,,,,,,,,,
102,Feeding America,"$52,859.00","$52,858.13",https://www.feedingamerica.org/,,36-3673599,Hunger,,,,,,,,,,,,,no fund or feat,,,,no fund or feat,,,"$27,653.45","$27,654.00",,,,,,,,,,,,,"$25,205.00","$25,204.68",,,,
103,First Book,"$25,205.00","$25,204.68",http://www.firstbook.org/,,52-1779606,Education,,,,,,,,,,,,,no fund or feat,,,,no fund or feat,,,,,,,,,,,,,,,,,"$25,205.00","$25,204.68",,,,
104,Fish Welfare Initiative,$0.00,$0.00,https://www.fishwelfareinitiative.org/,,85-2065536,Animals,,,,,,,,5.0,583.0,,,,no fund or feat,,,,,,,,,,,,,,,,,,,,,,,,,,
105,Flint Water Fund,"$21,928.00","$21,927.93",http://www.unitedwaygenesee.org/flintwaterfund,United Way of Genesee City,38-1359516,Water; Community services,,,,,,,,,,,,,no fund or feat,,,,no fund or feat,,,,,,,,,,,"$21,928.00","$21,927.93",,,,,,,,,,
106,Foster Love,$0.00,$0.00,,,81-2263514,,,,,,,,,1.0,121.0,,,,no fund or feat,,,,,,,,,,,,,,,,,,,,,,,,,,
107,Freedom Readers,$0.00,$0.00,,,87-3023665,,,,,,,,,1.0,156.0,,,,no fund or feat,,,,,,,,,,,,,,,,,,,,,,,,,,
108,Fundación Niños de los Andes,$0.00,$0.00,,,,,,,,,,,,1.0,83.0,,,,no fund or feat,,,,,,,,,,,,,,,,,,,,,,,,,,
109,Fungi Foundation,$0.00,$0.00,,,85-1478153,,,,,,,,,1.0,189.0,,,,no fund or feat,,,,,,,,,,,,,,,,,,,,,,,,,,
110,Future Economy Collective,$0.00,$0.00,,,83-1665055,,,,,,,,,1.0,782.0,x,,,feat not fund,,,,no fund or feat,,,,,,,,,,,,,,,,,,,,,,
111,Gamers Outreach,$0.00,$0.00,,,26-0321174,,,,,,,,,,,,,,no fund or feat,x,,,feat not fund,,,,,,,,,,,,,,,,,,,,,,
112,GeekGirlCon,$0.00,$0.00,,,27-4177245,Art,,,,,,,,1.0,324.0,x,,,feat not fund,,,,no fund or feat,,,,,,,,,,,,,,,,,,,,,,
113,Give Kids the World,$0.00,$0.00,,,59-2654440,,,,,,,,,1.0,53.0,,,,no fund or feat,,,,,,,,,,,,,,,,,,,,,,,,,,
114,GiveDirectly,"$83,493.00","$118,000.12",https://www.givedirectly.org/,,27-1661997,Economic development; Poverty,,,,,,,,5.0,293.0,,"$37,297.09",,fund not feat,,,,no fund or feat,,,"$27,653.45","$27,654.00","$17,440.00","$14,701.10","$18,631.00","$18,630.48","$19,768.00","$19,718.00",,,,,,,,,,,,
115,Givewell,"$27,654.00","$27,653.45",https://www.givewell.org/maximum-impact-fund,,20-8625442,Poverty; Health,,,,,,,,4.0,236.0,,,,no fund or feat,,,,no fund or feat,,,"$27,653.45","$27,654.00",,,,,,,,,,,,,,,,,,
116,Glassroots,$0.00,$0.00,,,22-3671890,,,,,,,,,1.0,75.0,,,,no fund or feat,,,,,,,,,,,,,,,,,,,,,,,,,,
117,Global Vision 2020,$0.00,$0.00,,,26-4228446,,,,,,,,,1.0,752.0,,,,no fund or feat,,,,,,,,,,,,,,,,,,,,,,,,,,
118,GLSEN,"$19,768.00","$19,718.00",https://www.glsen.org/,,04-3234202,LGBTQ+ rights,,,,,,,,,,,,,no fund or feat,,,,no fund or feat,,,,,,,,,"$19,768.00","$19,718.00",,,,,,,,,,,,
119,Great Ormond Street Hospital for Children ,"$15,271.00","$15,270.77",http://www.gosh.org/,CAF America,,Health,,,,,,,,,,,,,no fund or feat,,,,no fund or feat,,,,,,,,,,,,,"$15,271.00","$15,270.77",,,,,,,,
120,Heartstone Veganic Sanctuary,$0.00,$0.00,,,,,,,,,,,,1.0,289.0,,,,no fund or feat,,,,,,,,,,,,,,,,,,,,,,,,,,
121,Heifer International,"$87,054.00","$87,003.74",https://web.archive.org/web/20221006153536/https://www.heifer.org/,,35-1019477,Hunger; Poverty; Economic development,,,,,,,,,,,,,no fund or feat,,,,no fund or feat,,,,,,,"$18,631.00","$18,630.48","$19,768.00","$19,718.00","$21,928.00","$21,927.93",,,,"$26,727.33","$26,727.00",,,,,
122,Hispanic Federation,"$19,768.00","$19,718.00",http://hispanicfederation.org/,,13-3573852,Health; Human services,,,,,,,,,,,,,no fund or feat,,,,no fund or feat,,,,,,,,,"$19,768.00","$19,718.00",,,,,,,,,,,,
123,Holy Cross Mission Center,"$29,106.00",$0.00,,,52-6044122,,,,,,,,,,,,,,no fund or feat,,,,,,,,,,,,,,,,,,,,,"$29,106.00",,,,,
124,Honeoye Falls-Mendon Rotary,$0.00,$0.00,,,27-0002197,,,,,,,,,1.0,80.0,,,,no fund or feat,,,,,,,,,,,,,,,,,,,,,,,,,,
125,Hope Creates,$0.00,$0.00,Hopecreates.org,,82-1130017,Art; Education; Human services,,,,,,,,1.0,191.0,,,,no fund or feat,,,,,,,,,,,,,,,,,,,,,,,,,,
126,Hope Haven Theraputic Riding Center,$0.00,$0.00,,,,,,,,,,,,1.0,59.0,,,,no fund or feat,,,,,,,,,,,,,,,,,,,,,,,,,,
127,Instrument Shop,$0.00,"$37,297.09",,,86-2400545,Education; Art,,,,,,,,1.0,706.0,x,"$37,297.09",,fund and feat,,,,,,,,,,,,,,,,,,,,,,,,,,
128,International Campaign to Abolish Nuclear Weapons,$0.00,$0.00,,,,Nuclear weapons,,,,,,,,6.0,1142.0,,,,no fund or feat,,,,,,,,,,,,,,,,,,,,,,,,,,
129,it gets better project,$0.00,"$37,297.09",,,93-1532088,Human services,,,,,,,,2.0,226.0,,"$37,297.09",,fund not feat,,,,,,,,,,,,,,,,,,,,,,,,,,
130,Kick it for Cancer,$0.00,$0.00,,,,Cancer,,,,,,,,1.0,352.0,,,,no fund or feat,,,,,,,,,,,,,,,,,,,,,,,,,,
131,Kids In Need of Defense,$0.00,$0.00,,,,Children,,,,,,,,1.0,103.0,,,,no fund or feat,,,,,,,,,,,,,,,,,,,,,,,,,,
132,Kiva,"$41,795.39","$41,795.07",https://www.kiva.org/,,71-0992446,Economic development; Poverty,,,,,,,,,,,,,no fund or feat,,,,no fund or feat,,,,,,,,,,,,,,,,,"$25,205.00","$25,204.68",,,16590.39,16590.39
133,Last Mile Health,"$239,862.00","$239,861.93",http://lastmilehealth.org/,,26-1401736,Health,,,,,,,,,,,,,no fund or feat,,,,no fund or feat,,,,,,,,,"$217,934.00","$217,934.00","$21,928.00","$21,927.93",,,,,,,,,,
134,"Laughing at My Nightmare, Inc.",$0.00,$0.00,WWW.LAUGHINGATMYNIGHTMARE.COM,,45-4553464,Human services,,,,,,,,1.0,676.0,,,,no fund or feat,,,,,,,,,,,,,,,,,,,,,,,,,,
135,Lava Mae,"$25,000.00","$25,000.00",http://lavamae.org/,,81-0832318,Homeless services; Human services,,,,,,,,,,,,,no fund or feat,,,,no fund or feat,,,,,,,,,,,,,"$25,000.00","$25,000.00",,,,,,,,
136,Liberty in North Korea,"$75,000.00","$75,000.00",http://www.libertyinnorthkorea.org/,,73-1710135,Human rights,,,,,,,,,,,,,no fund or feat,,,,no fund or feat,,,,,,,,,,,,,"$25,000.00","$25,000.00",,,"$50,000.00","$50,000.00",,,,
137,Libraries without Borders,"$18,631.00","$18,630.48",https://www.librarieswithoutborders.org/,,68-0666319,Education; Libraries,,,,,,,,,,,,,no fund or feat,,,,no fund or feat,,,,,,,"$18,631.00","$18,630.48",,,,,,,,,,,,,,
138,Limitless Horizons Ixil ,$0.00,$0.00,www.limitlesshorizonsixil.org,,26-4296182,Community services,,,,,,,,1.0,1566.0,x,,,feat not fund,,,,no fund or feat,,,,,,,,,,,,,,,,,,,,,,
139,Literacy KC,$0.00,$0.00,,,,Libraries; Education,,,,,,,,1.0,606.0,x,,,feat not fund,,,,no fund or feat,,,,,,,,,,,,,,,,,,,,,,
140,Little Shelter Animal Rescue &amp; Adoption Center,$0.00,$0.00,http://www.littleshelter.com/,,11-6000821,Animals,,,,,,,,1.0,52.0,,,,no fund or feat,,,,,,,,,,,,,,,,,,,,,,,,,,
141,Love Does,"$32,024.00","$32,023.26",https://lovedoes.org/,,83-0417128,Food banks; Human rights; Education,,,,,,,,1.0,4883.0,,,,no fund or feat,x,,,feat not fund,"$32,023.26","$32,024.00",,,,,,,,,,,,,,,,,,,,
142,Love146 Dayton Task Force,"$40,500.00","$40,500.00",http://146taskforce.org/,,20-1168284,Children; Human rights,,,,,,,,,,,,,no fund or feat,,,,no fund or feat,,,,,,,,,,,,,,,,,,,"$40,500.00","$40,500.00",,
143,Lupus Foundation of America,$0.00,$0.00,http://www.lupus.org,,43-1131436,Health; Immune system diseases,,,,,,,,1.0,22.0,,,,no fund or feat,,,,,,,,,,,,,,,,,,,,,,,,,,
144,Malala Fund,"$15,271.00","$15,270.77",https://www.malala.org/,,81-1397590,Education,,,,,,,,,,,,,no fund or feat,,,,no fund or feat,,,,,,,,,,,,,"$15,271.00","$15,270.77",,,,,,,,
145,Marsha P. Johnson Institute,"$27,654.00","$27,653.45",https://marshap.org/about-mpji/,Social Good Fund,46-1323531,Hunger; Children,,,,,,,,,,,,,no fund or feat,,,,no fund or feat,,,"$27,653.45","$27,654.00",,,,,,,,,,,,,,,,,,
146,MASS APPEAL INTERNATIONAL,$0.00,$0.00,,,04-3529531,Hunger; Children,,,,,,,,1.0,39.0,,,,no fund or feat,,,,,,,,,,,,,,,,,,,,,,,,,,
147,Doctors Without Borders,"$87,404.00","$124,700.47",http://www.doctorswithoutborders.org/,,13-3433452,Health; Disaster relief; Tuberculosis,,,,,,,,1.0,568.0,x,"$37,297.09",,fund and feat,,,,no fund or feat,,,,,,,,,,,"$21,928.00","$21,927.93","$15,271.00","$15,270.77","$25,000.00","$25,000.00","$25,205.00","$25,204.68",,,,
148,Mercy Children's Hospital,"$40,500.00","$40,500.00",http://mercyweb.org/mercy_childrens.aspx,,,Health; Children,,,,,,,,,,,,,no fund or feat,,,,no fund or feat,,,,,,,,,,,,,,,,,,,"$40,500.00","$40,500.00",,
149,Mid Willamette Trans Support Network,$0.00,$0.00,,,,,,,,,,,,1.0,138.0,,,,no fund or feat,,,,,,,,,,,,,,,,,,,,,,,,,,
150,MIRI,$0.00,$0.00,,,,,,,,,,,,1.0,66.0,,,,no fund or feat,,,,,,,,,,,,,,,,,,,,,,,,,,
151,Motion Picture and Television Fund,$0.00,$0.00,https://www.mptf.com/,,95-1652916,Labor; Social services,,,,,,,,1.0,63.0,,,,no fund or feat,,,,,,,,,,,,,,,,,,,,,,,,,,
152,My Bag My Story,$0.00,$0.00,https://mybagmystory.com,,83-2750160,Human services; Foster care,,,,,,,,1.0,195.0,,,,no fund or feat,,,,,,,,,,,,,,,,,,,,,,,,,,
153,NAMI,$0.00,$0.00,http://www.nami.org,,43-1201653,Mental health,,,,,,,,2.0,149.0,,,,no fund or feat,,,,,,,,,,,,,,,,,,,,,,,,,,
154,National Park Foundation,"$32,024.00","$32,023.26",https://www.nationalparks.org/,,52-1086761,Environment,,,,,,,,,,,,,no fund or feat,,,,no fund or feat,"$32,023.26","$32,024.00",,,,,,,,,,,,,,,,,,,,
155,National Suicide Prevention Lifeline,"$18,630.00","$18,630.48",https://suicidepreventionlifeline.org/,Vibrant Emotional Health,13-2637308,Mental health,,,,,,,,,,,,,no fund or feat,,,,no fund or feat,,,,,,,"$18,630.00","$18,630.48",,,,,,,,,,,,,,
156,NephCure Kidney International,$0.00,$0.00,http://www.nephcure.org,,38-3569922,Health; Kidney diseases,,,,,,,,1.0,147.0,,,,no fund or feat,,,,,,,,,,,,,,,,,,,,,,,,,,
157,"New York State Network for Youth Success, Inc.",$0.00,$0.00,networkforyouthsuccess.org,,13-3841114,Education; Youth development,,,,,,,,1.0,98.0,,,,no fund or feat,,,,,,,,,,,,,,,,,,,,,,,,,,
158,Nuclear Age Peace Foundation,$0.00,$0.00,,,95-3825265,Nuclear weapons,,,,,,,,1.0,115.0,,,,no fund or feat,,,,,,,,,,,,,,,,,,,,,,,,,,
159,Ocean Conservancy,$0.00,$0.00,http://www.oceanconservancy.org,,23-7245152,Environment,,,,,,,,1.0,0.0,,,,no fund or feat,,,,,,,,,,,,,,,,,,,,,,,,,,
160,Ocean Rescue Alliance International,$0.00,$0.00,https://www.oceanrescuealliance.org/,,86-3337083,Art; Education; Environment,,,,,,,,1.0,196.0,,,,no fund or feat,,,,,,,,,,,,,,,,,,,,,,,,,,
161,Open Medicine Foundation,$0.00,$0.00,OMF.NGO,,26-4712664,Technology; Research; Health,,,,,,,,1.0,469.0,,,,no fund or feat,,,,,,,,,,,,,,,,,,,,,,,,,,
162,Out On The Shelf,$0.00,$0.00,,,,,,,,,,,,1.0,109.0,,,,no fund or feat,,,,,,,,,,,,,,,,,,,,,,,,,,
163,Outright International,$0.00,$0.00,https://www.outrightinternational.org/,,94-3139952,LGBTQ+ rights,,,,,,,,1.0,79.0,,,,no fund or feat,,,,,,,,,,,,,,,,,,,,,,,,,,
164,Painted Dog Conservation,$0.00,$0.00,,,,,,,,,,,,1.0,98.0,,,,no fund or feat,,,,,,,,,,,,,,,,,,,,,,,,,,
165,Pajama Program,$0.00,$0.00,http://www.pajamaprogram.org/,,02-0588068,Education; Children,,,,,,,,1.0,462.0,x,,,feat not fund,,,,no fund or feat,,,,,,,,,,,,,,,,,,,,,,
166,Palestinian American Community Center,$0.00,"$37,297.09",www.paccusa.org,,46-5270907,Human services,,,,,,,,1.0,550.0,x,"$37,297.09",,fund and feat,,,,no fund or feat,,,,,,,,,,,,,,,,,,,,,,
167,Palestinian Youth Movement,$0.00,$0.00,,,,Palestine,,,,,,,,1.0,265.0,,,,no fund or feat,,,,,,,,,,,,,,,,,,,,,,,,,,
168,Partners for Mental Health,"$50,000.00","$50,000.00",http://www.partnersformh.ca/,,,Mental health,,,,,,,,,,,,,no fund or feat,,,,,,,,,,,,,,,,,,,,,"$50,000.00","$50,000.00",,,,
169,PCHR,$0.00,$0.00,,,,,,,,,,,,1.0,515.0,,,,no fund or feat,,,,,,,,,,,,,,,,,,,,,,,,,,
170,Pencils for Kids,"$50,205.00","$50,204.68",http://www.pencilsforkids.com/,,27-2324554,Education,,,,,,,,,,,,,no fund or feat,,,,no fund or feat,,,,,,,,,,,,,,,"$25,000.00","$25,000.00","$25,205.00","$25,204.68",,,,
171,Planned Parenthood,"$114,862.00","$112,072.55",https://www.plannedparenthood.org/,,13-1644147,Health,,,,,,,,,,,,,no fund or feat,,,,no fund or feat,,,"$27,653.45","$27,654.00","$17,440.00","$14,701.10",,,"$19,768.00","$19,718.00","$25,000.00","$25,000.00","$25,000.00","$25,000.00",,,,,,,,
172,Pragathi Charitable Trust,$0.00,$0.00,,,,,,,,,,,,1.0,93.0,,,,no fund or feat,,,,,,,,,,,,,,,,,,,,,,,,,,
173,Project B.E.A.R.,$0.00,$0.00,,,45-2318910,Youth organizing,,,,,,,,1.0,101.0,,,,no fund or feat,x,,,,,,,,,,,,,,,,,,,,,,,,,
174,ProVeg International,$0.00,"$37,297.09",https://proveg.org/,,46-3038496,Education; Animals; Health,,,,,,,,7.0,934.0,,"$37,297.09",,fund not feat,,,,,,,,,,,,,,,,,,,,,,,,,,
175,Pumpkins Acres Rabbit Rescue,$0.00,$0.00,,,,,,,,,,,,1.0,140.0,,,,no fund or feat,,,,,,,,,,,,,,,,,,,,,,,,,,
176,Quadball UK,$0.00,$0.00,,,,,,,,,,,,1.0,84.0,,,,no fund or feat,,,,,,,,,,,,,,,,,,,,,,,,,,
177,Quelili,$0.00,$0.00,,,,,,,,,,,,1.0,95.0,,,,no fund or feat,,,,,,,,,,,,,,,,,,,,,,,,,,
178,RAINN,"$18,631.00","$18,630.48",https://www.rainn.org/,,52-1886511,Human services; Sexual violence,,,,,,,,,,,,,no fund or feat,,,,no fund or feat,,,,,,,"$18,631.00","$18,630.48",,,,,,,,,,,,,,
179,Redwood Empire Food Bank,$0.00,$0.00,http://www.refb.org/,,68-0121855,Hunger,,,,,,,,1.0,86.0,,,,no fund or feat,,,,,,,,,,,,,,,,,,,,,,,,,,
180,ReFOCUS Media Labs,$0.00,$0.00,,,,,,,,,,,,1.0,456.0,x,,,feat not fund,,,,no fund or feat,,,,,,,,,,,,,,,,,,,,,,
181,Refugee Council,"$18,631.00","$18,630.48",https://www.refugeecouncil.org.uk/,,Charity no. 1014576 Company no. 2727514,,,,,,,,,,,,,,no fund or feat,,,,no fund or feat,,,,,,,"$18,631.00","$18,630.48",,,,,,,,,,,,,,
182,RiseBoro Community Partnership,$0.00,$0.00,WWW.RISEBORO.ORG,,11-2453853,Community services,,,,,,,,1.0,308.0,,,,no fund or feat,,,,,,,,,,,,,,,,,,,,,,,,,,
183,Roger Neilson House,$0.00,$0.00,,,,,,,,,,,,1.0,280.0,,,,no fund or feat,,,,,,,,,,,,,,,,,,,,,,,,,,
184,Sarcoma Foundation of America,"$82,500.00","$82,500.41",http://www.curesarcoma.org/,,52-2275294,Health; Cancer,,,,,,,,,,,,,no fund or feat,,,,no fund or feat,,,,,,,,,,,,,,,,"$82,500.41","$82,500.00",,,,,
185,Seattle Humane Society,"$17,440.00","$14,701.10",https://www.seattlehumane.org/,,91-0282060,Animals,,,,,,,,,,,,,no fund or feat,,,,no fund or feat,,,,,"$17,440.00","$14,701.10",,,,,,,,,,,,,,,,
186,SEDS-Canada,$0.00,$0.00,,,,,,,,,,,,1.0,92.0,,,,no fund or feat,,,,,,,,,,,,,,,,,,,,,,,,,,
187,Seed,$0.00,$0.00,,,,,,,,,,,,1.0,103.0,,,,no fund or feat,,,,,,,,,,,,,,,,,,,,,,,,,,
188,SENS Research Foundation,"$19,768.00","$19,718.00",http://www.sens.org/,,94-3473864,Health; Research,,,,,,,,,,,,,no fund or feat,,,,no fund or feat,,,,,,,,,"$19,768.00","$19,718.00",,,,,,,,,,,,
189,"Shelter, Inc.",$0.00,$0.00,HTTPS://WWW.SHELTER-INC.ORG/,,23-7399596,Shelter; Children,,,,,,,,1.0,526.0,,,,no fund or feat,,,,,,,,,,,,,,,,,,,,,,,,,,
190,Sister Garczynska's Foundation,#REF!,"$78,437.27",https://foundationgarczynska.wordpress.com/,CAF America,,,,,,,,,,,,,,,no fund or feat,,,,no fund or feat,,,,,,,"$18,631.00","$18,630.48","$19,768.00","$19,718.00","$25,000.00","$25,000.00",,,"$15,089.00","$15,088.79",,,,,,
191,Soap Aid,#REF!,"$15,270.77",http://www.soapaid.org/,CAF America,,,,,,,,,,,,,,,no fund or feat,,,,no fund or feat,,,,,,,,,,,,,"$15,271.00","$15,270.77",,,,,,,,
192,SOCK FIP,$0.00,$0.00,,,,,,,,,,,,1.0,81.0,,,,no fund or feat,,,,,,,,,,,,,,,,,,,,,,,,,,
193,SpayNSave,$0.00,$0.00,WWW.SPAYNSAVE.ORG,,30-0693930,Animals,,,,,,,,1.0,409.0,,,,no fund or feat,,,,,,,,,,,,,,,,,,,,,,,,,,
194,Spiro,$0.00,$0.00,https://www.spiro.ngo/,,27-6601178,Tuberculosis,,,,,,,,1.0,74.0,,,,no fund or feat,,,,,,,,,,,,,,,,,,,,,,,,,,
195,St. Jude Children's Research Hospital,"$19,768.00","$19,718.00",https://www.stjude.org/,,62-0646012,Health; Children; Cancer,,,,,,,,1.0,,,,,no fund or feat,,,,no fund or feat,,,,,,,,,"$19,768.00","$19,718.00",,,,,,,,,,,,
196,Stella's Circle,"$15,089.00","$15,088.79",http://www.stellaburry.ca/,Grantmaking (North America),,,,,,,,,,,,,,,no fund or feat,,,,no fund or feat,,,,,,,,,,,,,,,"$15,089.00","$15,088.79",,,,,,
197,Stone Soup Cafe,$0.00,$0.00,www.thestonesoupcafe.org,,84-3664286,Workforce development,,,,,,,,1.0,247.0,,,,no fund or feat,,,,,,,,,,,,,,,,,,,,,,,,,,
198,strongminds,$0.00,$0.00,WWW.STRONGMINDS.ORG,,46-2090059,Mental health,,,,,,,,1.0,47.0,,,,no fund or feat,,,,,,,,,,,,,,,,,,,,,,,,,,
199,Survival International,$0.00,$0.00,HTTPS://WWW.SURVIVALINTERNATIONAL.ORG/,,26-3208869,Human rights,,,,,,,,1.0,267.0,,,,no fund or feat,,,,,,,,,,,,,,,,,,,,,,,,,,
200,Suubi Teen MOPS Uganda,$0.00,$0.00,,,,,,,,,,,,1.0,482.0,,,,no fund or feat,,,,,,,,,,,,,,,,,,,,,,,,,,
201,Swasthya Swaraj,$0.00,$0.00,,,,,,,,,,,,1.0,40.0,,,,no fund or feat,,,,,,,,,,,,,,,,,,,,,,,,,,
202,TECHO,"$90,500.00","$90,500.00",http://www.techo.org/en,,27-1479398,,,,,,,,,,,,,,no fund or feat,,,,no fund or feat,,,,,,,,,,,,,,,,,"$50,000.00","$50,000.00","$40,500.00","$40,500.00",,
203,Texas 4000 for Cancer,$0.00,$0.00,WWW.TEXAS4000.ORG,,20-0371876,Cancer; Health,,,,,,,,1.0,241.0,,,,no fund or feat,,,,,,,,,,,,,,,,,,,,,,,,,,
204,The American Red Cross,$0.00,$0.00,http://www.redcross.org,,53-0196605,Health; International development; Disaster relief,,,,,,,,1.0,54.0,,,,no fund or feat,,,,,,,,,,,,,,,,,,,,,,,,,,
205,The Being Together Foundation ,"$18,631.00","$18,630.48",http://www.fundacjabycrazem.pl/,CAF America,,,,,,,,,,,,,,,no fund or feat,,,,no fund or feat,,,,,,,"$18,631.00","$18,630.48",,,,,,,,,,,,,,
206,The Book Truck,"$15,089.00","$15,088.79",http://www.thebooktruck.org/,,45-3025073,Education,,,,,,,,,,,,,no fund or feat,,,,no fund or feat,,,,,,,,,,,,,,,"$15,089.00","$15,088.79",,,,,,
207,The Crime Connection Incorporated,$0.00,$0.00,,,92-1847666,Health,,,,,,,,1.0,37.0,,,,no fund or feat,,,,,,,,,,,,,,,,,,,,,,,,,,
208,The Foundation to Decrease World Suck,$0.00,$0.00,,,,,,,,,,,,1.0,4293.0,,,,no fund or feat,,,,,,,,,,,,,,,,,,,,,,,,,,
209,The Humane League ,"$59,678.00","$59,676.71",https://thehumaneleague.org/,,04-3817491,Animals,,,,,,,,16.0,1241.0,,,,no fund or feat,x,,,feat not fund,"$32,023.26","$32,024.00","$27,653.45","$27,654.00",,,,,,,,,,,,,,,,,,
210,The Humane Society of New York,$0.00,$0.00,http://www.humanesocietyny.org/,,13-1624041,Animals,,,,,,,,1.0,58.0,,,,no fund or feat,,,,,,,,,,,,,,,,,,,,,,,,,,
211,The J.E.D. Foundation,$0.00,$0.00,http://jedfoundation.org,,13-4131139,Mental health,,,,,,,,1.0,74.0,,,,no fund or feat,,,,,,,,,,,,,,,,,,,,,,,,,,
212,The Office of Letters and Light,"$65,705.00","$65,704.68",http://lettersandlight.org/,,65-1282653,Art,,,,,,,,,,,,,no fund or feat,,,,no fund or feat,,,,,,,,,,,,,,,,,"$25,205.00","$25,204.68","$40,500.00","$40,500.00",,
213,The Pet Fund,$0.00,$0.00,,,20-0232792,Animals,,,,,,,,1.0,192.0,,,,no fund or feat,,,,,,,,,,,,,,,,,,,,,,,,,,
214,The Prison Phoenix Trust,$0.00,$0.00,,,,Incarceration,,,,,,,,1.0,296.0,,,,no fund or feat,,,,,,,,,,,,,,,,,,,,,,,,,,
215,The Resilient Activist,$0.00,$0.00,www.theresilientactivist.org,,82-4982519,Mental health; Environment,,,,,,,,1.0,235.0,,,,no fund or feat,,,,,,,,,,,,,,,,,,,,,,,,,,
216,The Sound of Hope,"$15,089.00","$15,088.79",http://thesoundofhope.org/,,27-2807823,Disaster relief,,,,,,,,,,,,,no fund or feat,,,,no fund or feat,,,,,,,,,,,,,,,"$15,089.00","$15,088.79",,,,,,
217,The Starfish Foundation,$0.00,$0.00,,,39-1847399,,,,,,,,,,,,,,no fund or feat,x,,,feat not fund,,,,,,,,,,,,,,,,,,,,,,
218,The STIM Project,$0.00,$0.00,,,93-2071935,Autism,,,,,,,,1.0,166.0,,,,no fund or feat,,,,,,,,,,,,,,,,,,,,,,,,,,
219,Therapies Unite,$0.00,$0.00,,,,,,,,,,,,2.0,275.0,,,,no fund or feat,,,,,,,,,,,,,,,,,,,,,,,,,,
220,Thrive Youth Center,$0.00,"$37,297.09",WWW.THRIVEYOUTHCENTER.ORG,,47-1528452,Youth services,,,,,,,,1.0,536.0,x,"$37,297.09",,fund and feat,,,,no fund or feat,,,,,,,,,,,,,,,,,,,,,,
221,To Write Love on Her Arms,"$40,294.00","$40,293.47",http://twloha.com/,,26-0789229,Human rights; Mental health,,,,,,,,,,,,,no fund or feat,,,,no fund or feat,,,,,,,,,,,,,,,"$15,089.00","$15,088.79","$25,205.00","$25,204.68",,,,
222,Trans Lifeline,"$27,654.00",$0.00,www.translifeline.org,,47-2097494,LGBTQ+ rights,,,,,,,,,,,,,no fund or feat,,,,,,,,"$27,654.00",,,,,,,,,,,,,,,,,,
223,TransActual,$0.00,$0.00,,,,,,,,,,,,1.0,204.0,,,,no fund or feat,,,,,,,,,,,,,,,,,,,,,,,,,,
224,TravlerPack,$0.00,$0.00,,,88-3734431,Human services,,,,,,,,1.0,298.0,,,,no fund or feat,,,,,,,,,,,,,,,,,,,,,,,,,,
225,Trees for the Future,"$59,678.00","$59,676.71",https://trees.org/,,52-1644869,Environment,,,,,,,,,,,,,no fund or feat,,,,no fund or feat,"$32,023.26","$32,024.00","$27,653.45","$27,654.00",,,,,,,,,,,,,,,,,,
226,Ultimate Peace,"$44,768.00","$44,718.00",http://www.ultimatepeace.org/,,27-2840618,War,,,,,,,,,,,,,no fund or feat,,,,no fund or feat,,,,,,,,,"$19,768.00","$19,718.00",,,,,"$25,000.00","$25,000.00",,,,,,
227,Uncultured Project ,#REF!,"$40,500.00",https://youtube.com/user/UnculturedProject,CAF America,,Human rights; Poverty; Economic development,,,,,,,,,,,,,no fund or feat,,,,no fund or feat,,,,,,,,,,,,,,,,,,,"$40,500.00","$40,500.00",,
228,UNICEF,"$48,614.39","$48,613.65",https://www.unicef.org/,,13-1760110,Health; Human services; Disaster relief,,,,,,,,,,,,,no fund or feat,,,,no fund or feat,"$32,023.26","$32,024.00",,,,,,,,,,,,,,,,,,,16590.39,16590.39
229,United Mitochondrial Disease Foundation,"$27,654.00","$27,653.45",https://www.umdf.org/,,25-1767180,Health,,,,,,,,1.0,188.0,x (web),,,feat not fund,,,,no fund or feat,,,"$27,653.45","$27,654.00",,,,,,,,,,,,,,,,,,
230,United2Heal,$0.00,$0.00,,,46-5748694,,,,,,,,,1.0,254.0,,,,no fund or feat,,,,,,,,,,,,,,,,,,,,,,,,,,
231,UNRWA USA,$0.00,"$37,297.09",https://www.unrwausa.org/,,20-2714426,International development; Palestine; refugees,,,,,,,,1.0,488.0,,"$37,297.09",,fund not feat,,,,,,,,,,,,,,,,,,,,,,,,,,
232,Upwardly Global,$0.00,$0.00,https://www.upwardlyglobal.org/,,94-3346127,Workforce development,,,,,,,,1.0,55.0,,,,no fund or feat,,,,,,,,,,,,,,,,,,,,,,,,,,
233,Walkin' &amp; Rollin' Costumes,$0.00,$0.00,,,47-5478453,Youth services,,,,,,,,1.0,126.0,,,,no fund or feat,,,,,,,,,,,,,,,,,,,,,,,,,,
234,War Child,"$32,024.00","$32,023.26",https://www.warchild.org/,,20-0094157,War,,,,,,,,1.0,91.0,,,,no fund or feat,,,,no fund or feat,"$32,023.26","$32,024.00",,,,,,,,,,,,,,,,,,,,
235,water.org,"$150,021.39","$132,010.76",https://water.org/,,58-2060131,Water,,,,,,,,,,,,,no fund or feat,,,,no fund or feat,,,,,"$17,440.00","$14,701.10","$18,631.00","$18,630.48",,,,,"$40,271.00","$25,000.00","$15,089.00","$15,088.79","$50,000.00","$50,000.00",,,8590.39,8590.39
236,Wayne Foundation,"$25,205.00","$25,204.68",http://waynefdn.org/,,27-2101347,,,,,,,,,,,,,,no fund or feat,,,,no fund or feat,,,,,,,,,,,,,,,,,"$25,205.00","$25,204.68",,,,
237,Waypoint Centre for Mental Health Care,$0.00,$0.00,,,,,,,,,,,,,,,,,no fund or feat,x,,,feat not fund,,,,,,,,,,,,,,,,,,,,,,
238,We Got This,$0.00,$0.00,,,47-4248078,,,,,,,,,1.0,45.0,,,,no fund or feat,,,,,,,,,,,,,,,,,,,,,,,,,,
239,We Need Diverse Books,"$40,089.00","$40,088.79",http://weneeddiversebooks.org/,,47-1786302,Libraries; Education,,,,,,,,,,,,,no fund or feat,,,,no fund or feat,,,,,,,,,,,"$25,000.00","$25,000.00",,,"$15,089.00","$15,088.79",,,,,,
240,Wezesha Binti girl up,$0.00,$0.00,,,,,,,,,,,,1.0,236.0,,,,no fund or feat,,,,,,,,,,,,,,,,,,,,,,,,,,
241,Whale and Dolphin Conservation,$0.00,$0.00,HTTP://US.WHALES.ORG,,02-0749188,Animals,,,,,,,,1.0,296.0,,,,no fund or feat,,,,,,,,,,,,,,,,,,,,,,,,,,
242,Wigs4Kids,"$19,768.00","$19,718.00",http://www.wigs4kids.org/,,20-0374667,Children; Health,,,,,,,,,,,,,no fund or feat,,,,no fund or feat,,,,,,,,,"$19,768.00","$19,718.00",,,,,,,,,,,,
243,Wild Animal Initiative,"$27,654.00","$27,653.45",https://www.wildanimalinitiative.org/,,82-2281466,Animals,,,,,,,,,,,,,no fund or feat,,,,no fund or feat,,,"$27,653.45","$27,654.00",,,,,,,,,,,,,,,,,,
244,Wildlife Conservation Network,"$21,928.00","$21,927.93",https://wildnet.org/,,30-0108469,Environment,,,,,,,,,,,,,no fund or feat,,,,no fund or feat,,,,,,,,,,,"$21,928.00","$21,927.93",,,,,,,,,,
245,Wildlife Trusts,"$27,545.00","$27,653.45",https://www.wildlifetrusts.org/,CAF America,207238,Environment,,,,,,,,,,,,,no fund or feat,,,,no fund or feat,,,"$27,653.45","$27,545.00",,,,,,,,,,,,,,,,,,
246,Wildlife Waystation,"$78,899.00","$78,848.48",https://wildlifewaystation.org/,,95-3190812,Environment,,,,,,,,,,,,,no fund or feat,,,,no fund or feat,,,,,,,"$18,631.00","$18,630.48","$19,768.00","$19,718.00",,,,,,,,,"$40,500.00","$40,500.00",,
247,Women for Women International,"$25,205.00","$25,204.68",http://www.womenforwomen.org/,,52-1838756,Women's rights,,,,,,,,,,,,,no fund or feat,,,,no fund or feat,,,,,,,,,,,,,,,,,"$25,205.00","$25,204.68",,,,
248,World Association of Girl Guides and Girl Scouts,$0.00,$0.00,,,,Women's rights,,,,,,,,1.0,87.0,,,,no fund or feat,,,,,,,,,,,,,,,,,,,,,,,,,,
249,World Bicycle Relief,"$32,024.00","$32,023.26",https://worldbicyclerelief.org/,,20-5080679,Poverty,,,,,,,,1.0,137.0,,,,no fund or feat,x,,,feat not fund,"$32,023.26","$32,024.00",,,,,,,,,,,,,,,,,,,,
250,World Central Kitchen,"$32,024.00","$32,023.26",https://wck.org/,,27-3521132,Hunger; Disaster relif,,,,,,,,,,,,,no fund or feat,,,,no fund or feat,"$32,023.26","$32,024.00",,,,,,,,,,,,,,,,,,,,
251,World Food Programme,"$43,836.00","$43,835.16",http://www1.wfp.org/,,13-3843435,Hunger,,,,,,,,,,,,,no fund or feat,,,,no fund or feat,,,,,,,"$18,631.00","$18,630.48",,,,,,,,,"$25,205.00","$25,204.68",,,,
252,World Wildlife Foundation,$0.00,$0.00,,,86-3223320,Environment,,,,,,,,1.0,0.0,,,,no fund or feat,,,,,,,,,,,,,,,,,,,,,,,,,,
253,World YWCA,$0.00,$0.00,,,,Community services; Human services,,,,,,,,2.0,60.0,,,,no fund or feat,,,,,,,,,,,,,,,,,,,,,,,,,,
254,Youth Action,$0.00,$0.00,,,,,,,,,,,,1.0,,,,,no fund or feat,,,,,,,,,,,,,,,,,,,,,,,,,,
